date,video_id,url,title,topic,first_scene_text,voice,rate,pitch,subtitle_theme,music_mood,duration_s,num_scenes
2026-06-21 18:05,gjWgPQVU6Xk,https://www.youtube.com/watch?v=gjWgPQVU6Xk,Dopamine Trap,how dopamine addiction is engineered to control you,One study found something disturbing about this...,en-US-ChristopherNeural,+0%,-8Hz,blood_red,tense,49.0,10
2026-06-21 21:37,Cc4gnHND1XY,https://www.youtube.com/watch?v=Cc4gnHND1XY,Subconscious Deceit,subconscious mind tricks you never knew about,"Scientists found the real reason, and it is not what you think...",en-US-EricNeural,+5%,-12Hz,toxic_green,tense,50.1,10
2026-06-21 22:07,BcfaQU0LrC4,https://www.youtube.com/watch?v=BcfaQU0LrC4,Brain Betrayal,why your brain sabotages your own happiness,Here is the exact moment your brain betrays you...,en-US-GuyNeural,-5%,-10Hz,blood_red,ethereal,46.9,10
2026-06-21 22:50,1pO0M6MWyDE,https://www.youtube.com/watch?v=1pO0M6MWyDE,Dark Persuasion,dark persuasion techniques in advertising,One study found something disturbing about this...,en-GB-RyanNeural,-3%,-6Hz,gold,ethereal,42.5,10
2026-06-22 05:17,LqpFtm1jh4U,https://www.youtube.com/watch?v=LqpFtm1jh4U,Dark Biases,dark cognitive biases controlling your decisions,"Scientists found the real reason, and it is not what you think...",en-US-EricNeural,+5%,-12Hz,electric_blue,ethereal,45.4,10
2026-06-22 06:51,a-THvzUOFHE,https://www.youtube.com/watch?v=a-THvzUOFHE,Fear Controls,how fear silently controls every decision,Here is what is actually happening when fear takes over...,en-GB-RyanNeural,-3%,-6Hz,toxic_green,ominous,46.1,10
2026-06-22 09:41,99Id82lTXlY,https://www.youtube.com/watch?v=99Id82lTXlY,Gaslighted,signs someone is gaslighting you right now,"Your brain does this on purpose, and here is why...",en-GB-RyanNeural,-3%,-6Hz,violet,ominous,41.7,10
2026-06-22 11:31,w4_PO5u_wMw,https://www.youtube.com/watch?v=w4_PO5u_wMw,Mind Games,manipulation tactics people use daily,Watch what happens in your brain right before you fail...,en-GB-RyanNeural,-3%,-6Hz,electric_blue,tense,40.2,10
2026-06-22 17:39,zwOvPQC9G3U,https://www.youtube.com/watch?v=zwOvPQC9G3U,Shadow Mind,subconscious mind tricks you never knew about,"This pattern repeats every single time, watch closely...",en-GB-RyanNeural,-3%,-6Hz,electric_blue,ominous,45.5,10
2026-06-22 18:09,4V6T63VSaKw,https://www.youtube.com/watch?v=4V6T63VSaKw,Dark Social,dark side of social media on your brain,One study found something disturbing about this...,en-GB-RyanNeural,-3%,-6Hz,electric_blue,tense,39.6,10
2026-06-22 21:41,DE_-0Ya3DHI,https://www.youtube.com/watch?v=DE_-0Ya3DHI,Anchored,how anchoring bias controls every purchase you make,en-GB-RyanNeural,toxic_green,tense,29.3,7
2026-06-23 04:30,YcWPnIxWHQw,https://www.youtube.com/watch?v=YcWPnIxWHQw,Toxic Bonds,why intelligent people stay in toxic relationships,en-US-EricNeural,toxic_green,tense,31.8,7
2026-06-23 05:42,GmcUjgftF_8,https://www.youtube.com/watch?v=GmcUjgftF_8,Dark Mind,subconscious mind tricks you never knew about,en-US-DavisNeural,violet,ominous,23.8,7
2026-06-23 07:36,ToM4oawX_i8,https://www.youtube.com/watch?v=ToM4oawX_i8,Cannot Say No,psychological reasons you cannot say no,en-US-DavisNeural,toxic_green,tense,26.1,7
2026-06-23 09:31,CMLxPyHhhn4,https://www.youtube.com/watch?v=CMLxPyHhhn4,Trauma,how childhood trauma silently shapes you today,en-US-ChristopherNeural,violet,ethereal,28.5,7
2026-06-23 10:54,M51LNB_PGoM,https://www.youtube.com/watch?v=M51LNB_PGoM,Trauma Shapes,how childhood trauma silently shapes you today,en-US-EricNeural,gold,ethereal,25.4,7
2026-06-23 14:54,ywq9_aLlfTA,https://www.youtube.com/watch?v=ywq9_aLlfTA,Dark Ads,dark persuasion techniques in advertising,en-GB-RyanNeural,gold,ominous,28.1,7
2026-06-23 17:40,3QVUzTexjS4,https://www.youtube.com/watch?v=3QVUzTexjS4,Dark Truth,dark truth about why people lie to themselves,en-GB-RyanNeural,electric_blue,ethereal,26.4,7
2026-06-23 23:02,RzqlrCYL6Io,https://www.youtube.com/watch?v=RzqlrCYL6Io,Anchored,how anchoring bias controls every purchase you make,Stop. Your brain is doing this right now. Buying... ,en-US-GuyNeural,+15%,-10Hz,violet,ominous,24.4,7
2026-06-23 23:15,juN0QYude_A,https://www.youtube.com/watch?v=juN0QYude_A,Toxic Bind,why intelligent people stay in toxic relationships,Stop. Your brain is doing this right now.,en-US-GuyNeural,+15%,-10Hz,blood_red,ethereal,23.5,7
2026-06-24 09:56,5NPliiRQaao,https://www.youtube.com/watch?v=5NPliiRQaao,Sunk Cost,the sunk cost trap that ruins lives silently,"You are not going to like this, but you need to hear it. Your past controls you...",en-US-ChristopherNeural,+18%,-8Hz,violet,ethereal,24.4,7
2026-06-24 10:08,o4UoIkKysS8,https://www.youtube.com/watch?v=o4UoIkKysS8,Scrolling Doom,the dark reason you cannot stop scrolling,"This is the reason you feel stuck, and you never knew. Your brain is hijacked...",en-US-ChristopherNeural,+18%,-8Hz,blood_red,ethereal,27.1,7
2026-06-24 10:43,3l4C2NXKoSk,https://www.youtube.com/watch?v=3l4C2NXKoSk,Self Sabotage,hidden reasons people self sabotage success,You have been doing this your whole life without knowing. Destroying success... ,en-US-ChristopherNeural,+18%,-8Hz,violet,ominous,23.3,7
2026-06-24 11:08,lV0eToHs5-0,https://www.youtube.com/watch?v=lV0eToHs5-0,Obey,the psychology behind why people obey authority,Stop. Your brain is doing this right now. Following orders...,en-US-EricNeural,+20%,-12Hz,electric_blue,ominous,23.0,7
2026-06-24 12:08,K9rU2TU38ss,https://www.youtube.com/watch?v=K9rU2TU38ss,Blind Obedience,the psychology behind why people obey authority,You have been doing this your whole life without knowing. Following orders...,en-US-EricNeural,+20%,-12Hz,blood_red,ethereal,28.4,7
2026-06-24 13:10,JQvMigKQcFw,https://www.youtube.com/watch?v=JQvMigKQcFw,Trapped Mind,dark persuasion techniques in advertising,"This is the reason you feel stuck, and you never knew. Your brain is wired to buy...",en-GB-RyanNeural,+12%,-6Hz,toxic_green,ethereal,30.6,7
2026-06-24 14:08,boTvDw0Y-jE,https://www.youtube.com/watch?v=boTvDw0Y-jE,Fear Controls,how fear silently controls every decision,You have been doing this your whole life without knowing. Your deepest fears decide...,en-US-GuyNeural,+15%,-10Hz,gold,ethereal,26.4,7
2026-06-24 15:08,FAILED,,You're Being Played,manipulation tactics people use daily,This happens to you every single day. You're ... controlled.,en-GB-RyanNeural,+12%,-6Hz,gold,tense,27.9,7
2026-06-24 16:10,FAILED,,Negative Mind,why your brain is hardwired for negativity,Most people realize this too late. Your brain is biased,en-US-GuyNeural,+15%,-10Hz,toxic_green,ominous,27.9,7
2026-06-24 17:09,FAILED,,Silent Control,how silence is used as a weapon of control,Watch what your brain does in the next 30 seconds. Your thoughts... are not yours.,en-US-ChristopherNeural,+18%,-8Hz,electric_blue,tense,31.0,7
2026-06-24 18:08,FAILED,,Dark Opinion,dark reason why you care what strangers think,You have been doing this your whole life without knowing. Your thoughts are not yours...,en-US-ChristopherNeural,+18%,-8Hz,electric_blue,ethereal,30.9,7
2026-06-24 18:22,FAILED,,Anchored,how anchoring bias controls every purchase you make,Your brain hides this from you on purpose. You're manipulated daily.,en-US-EricNeural,+20%,-12Hz,violet,ethereal,30.6,7
2026-06-24 19:10,FAILED,,Brain Hijacked,dark cognitive biases controlling your decisions,Stop. Your brain is doing this right now. Manipulating you...,en-US-DavisNeural,+22%,-5Hz,electric_blue,ominous,28.6,7
2026-06-24 20:09,FAILED,,Envy,psychological signs someone secretly envies you,Watch what your brain does in the next 30 seconds. You're being envied,en-US-EricNeural,+20%,-12Hz,violet,tense,30.3,7
2026-06-24 21:08,FAILED,,Self Sabotage,hidden reasons people self sabotage success,Pay attention. This changes after you see it. You're designed to fail...,en-US-EricNeural,+20%,-12Hz,electric_blue,tense,24.9,7
2026-06-24 22:08,FAILED,,Sunk Cost,the sunk cost trap that ruins lives silently,Most people realize this too late. You're stuck...,en-US-EricNeural,+20%,-12Hz,gold,tense,26.8,7
2026-06-24 22:57,FAILED,,Dark Tactics,manipulation tactics people use daily,Most people realize this too late. You're being manipulated...,en-US-GuyNeural,+15%,-10Hz,violet,ethereal,24.3,7
2026-06-24 23:14,FAILED,,Envy Mask,psychological signs someone secretly envies you,Watch what your brain does in the next 30 seconds. You're being envied...,en-US-GuyNeural,+15%,-10Hz,violet,ethereal,26.3,7
2026-06-25 00:08,FAILED,,Copied,how mirror neurons make you copy people without knowing,This will make you question everything you think you know. Your thoughts are not yours...,en-US-GuyNeural,+15%,-10Hz,violet,tense,29.8,7
2026-06-25 01:10,FAILED,,Drama Craving,why your brain secretly craves drama,Pay attention. This changes after you see it. Your brain needs drama,en-US-DavisNeural,+22%,-5Hz,violet,tense,28.6,7
2026-06-25 02:09,FAILED,,Obey,the psychology behind why people obey authority,Most people realize this too late. You're controlled.,en-US-DavisNeural,+22%,-5Hz,toxic_green,tense,25.6,7
2026-06-25 03:09,FAILED,,Controlled,how dopamine addiction is engineered to control you,This happens to you every single day. Your brain is hijacked...,en-GB-RyanNeural,+12%,-6Hz,toxic_green,ominous,26.4,7
2026-06-25 04:08,FAILED,,Trapped,how anchoring bias controls every purchase you make,"This is the reason you feel stuck, and you never knew. Your wallet is a puppet...",en-US-EricNeural,+20%,-12Hz,toxic_green,ethereal,25.4,7
2026-06-25 05:09,FAILED,,Deceived,manipulation tactics people use daily,This happens to you every single day. You're controlled.,en-US-DavisNeural,+22%,-5Hz,gold,tense,24.1,7
2026-06-25 06:10,FAILED,,Envied,psychological signs someone secretly envies you,This happens to you every single day. Your 'friends' are plotting against you...,en-US-ChristopherNeural,+18%,-8Hz,gold,ethereal,29.6,7
2026-06-25 07:09,FAILED,,Envy,psychological signs someone secretly envies you,"This is the reason you feel stuck, and you never knew. Your success ... sparks envy.",en-US-GuyNeural,+15%,-10Hz,violet,tense,28.4,7
2026-06-25 08:10,FAILED,,Drama Fix,why your brain secretly craves drama,You have been doing this your whole life without knowing. Seeking chaos.,en-US-ChristopherNeural,+18%,-8Hz,electric_blue,ominous,21.8,7
2026-06-25 09:08,FAILED,,Controlled,how anchoring bias controls every purchase you make,Most people realize this too late. Your wallet is a puppet.,en-US-ChristopherNeural,+18%,-8Hz,electric_blue,tense,24.4,7
2026-06-25 10:09,FAILED,,Toxic Grip,why intelligent people stay in toxic relationships,Nobody warns you about this one. Your brain tricks you...,en-US-ChristopherNeural,+18%,-8Hz,electric_blue,ominous,26.4,7
2026-06-25 10:32,FAILED,,Mind Tricks,subconscious mind tricks you never knew about,This happens to you every single day. Your mind is lying...,en-US-EricNeural,+20%,-12Hz,blood_red,ethereal,26.1,7
2026-06-25 11:09,FAILED,,Dopamine Trap,how dopamine addiction is engineered to control you,"The second you understand this, everything changes. Your phone is a dopamine lab",en-GB-RyanNeural,+12%,-6Hz,gold,ominous,29.2,7
2026-06-25 12:10,FAILED,,Stuck,dark persuasion techniques in advertising,"This is the reason you feel stuck, and you never knew. Your brain is hijacked...",en-US-ChristopherNeural,+18%,-8Hz,toxic_green,ethereal,26.1,7
2026-06-25 13:09,FAILED,,Dark You,dark truths about human nature nobody says,Pay attention. This changes after you see it. You're a predator...,en-US-GuyNeural,+15%,-10Hz,violet,ethereal,27.4,7
2026-06-25 14:10,FAILED,,Dark You,dark truths about human nature nobody says,You have been doing this your whole life without knowing. Manipulating others...,en-US-ChristopherNeural,+18%,-8Hz,toxic_green,ominous,27.5,7
2026-06-25 14:48,dm2DnnaVxnU,https://www.youtube.com/watch?v=dm2DnnaVxnU,Brain Sabotage,why your brain sabotages your own happiness,Watch what your brain does in the next 30 seconds. You'll sabotage your own happiness...,en-US-GuyNeural,+15%,-10Hz,electric_blue,tense,28.5,7
2026-06-25 15:08,PgGD4G0KrCE,https://www.youtube.com/watch?v=PgGD4G0KrCE,Hidden Brain,body language secrets manipulators exploit,Your brain hides this from you on purpose. ... You're being manipulated,en-US-ChristopherNeural,+18%,-8Hz,gold,ominous,27.8,7
2026-06-25 16:08,YIqRzWRz0cc,https://www.youtube.com/watch?v=YIqRzWRz0cc,Controlled,how dopamine addiction is engineered to control you,Pay attention. This changes after you see it. Your phone is a prison...,en-US-ChristopherNeural,+18%,-8Hz,blood_red,ominous,26.9,7
2026-06-25 17:09,mKWoDLAx6Tk,https://www.youtube.com/watch?v=mKWoDLAx6Tk,Mind Games,manipulation tactics people use daily,This happens to you every single day. You're being played...,en-US-EricNeural,+20%,-12Hz,blood_red,ominous,32.0,7
2026-06-25 17:41,K8ehlKGmi3I,https://www.youtube.com/watch?v=K8ehlKGmi3I,Dark Success,hidden reasons people self sabotage success,Nobody warns you about this one. Your success... is your enemy,en-US-GuyNeural,+15%,-10Hz,gold,ominous,24.0,7
2026-06-25 18:08,dVP3LwAj9nM,https://www.youtube.com/watch?v=dVP3LwAj9nM,Drama Fix,why your brain secretly craves drama,Pay attention. This changes after you see it. You're drawn to drama.,en-US-GuyNeural,+15%,-10Hz,violet,ominous,27.0,7
2026-06-25 18:42,v9cxMaFaiNs,https://www.youtube.com/watch?v=v9cxMaFaiNs,Dark Craving,why your brain secretly craves drama,"You are not going to like this, but you need to hear it. Your brain craves drama...",en-US-ChristopherNeural,+18%,-8Hz,electric_blue,ethereal,22.0,7
2026-06-25 19:09,Brw2bejlm_w,https://www.youtube.com/watch?v=Brw2bejlm_w,Stranger Opinion,dark reason why you care what strangers think,Nobody warns you about this one. Your self-worth is rented.,en-US-DavisNeural,+22%,-5Hz,toxic_green,ethereal,29.4,7
2026-06-25 20:09,z07VJfhOti4,https://www.youtube.com/watch?v=z07VJfhOti4,Mind Games,manipulation tactics people use daily,"You are not going to like this, but you need to hear it. Your thoughts... are not yours.",en-GB-RyanNeural,+12%,-6Hz,blood_red,ominous,27.8,7
2026-06-25 21:08,9JcKLwoJd78,https://www.youtube.com/watch?v=9JcKLwoJd78,Brain Craves Drama,why your brain secretly craves drama,Your brain hides this from you on purpose. You're addicted...,en-US-GuyNeural,+15%,-10Hz,electric_blue,ethereal,29.3,7
2026-06-25 22:09,rY8E2CGaPPw,https://www.youtube.com/watch?v=rY8E2CGaPPw,Shaped,how childhood trauma silently shapes you today,"You are not going to like this, but you need to hear it. Your past is... controlling you.",en-US-DavisNeural,+22%,-5Hz,gold,ominous,27.6,7
2026-06-25 23:09,rqtwq4hIQlE,https://www.youtube.com/watch?v=rqtwq4hIQlE,Dark Ads,dark persuasion techniques in advertising,"You are not going to like this, but you need to hear it. Your brain is being hijacked...",en-US-DavisNeural,+22%,-5Hz,toxic_green,ethereal,26.6,7
2026-06-26 00:03,CUjT-E2y2Ps,https://www.youtube.com/watch?v=CUjT-E2y2Ps,Narcissist Games,psychological tricks narcissists use on you,Your brain hides this from you on purpose. You're being played.,en-US-EricNeural,+20%,-12Hz,electric_blue,ominous,27.4,7
2026-06-26 01:08,793gF4yYkl8,https://www.youtube.com/watch?v=793gF4yYkl8,Gaslit,signs someone is gaslighting you right now,Watch what your brain does in the next 30 seconds. You're being gaslit right now...,en-US-EricNeural,+20%,-12Hz,gold,ominous,30.8,7
2026-06-26 02:08,x-x9WrFxb4E,https://www.youtube.com/watch?v=x-x9WrFxb4E,Controlled,how dopamine addiction is engineered to control you,Stop. Your brain is doing this right now. dopamine loop?,en-US-ChristopherNeural,+18%,-8Hz,toxic_green,tense,26.3,7
2026-06-26 03:09,DIdwj-srpwE,https://www.youtube.com/watch?v=DIdwj-srpwE,Fear Controls,how fear silently controls every decision,Pay attention. This changes after you see it. Your fears decide...,en-US-EricNeural,+20%,-12Hz,violet,ethereal,25.6,7
2026-06-26 04:08,0PcswDj88Xg,https://www.youtube.com/watch?v=0PcswDj88Xg,Sabotage,hidden reasons people self sabotage success,"You are not going to like this, but you need to hear it. Your success... is a threat.",en-US-EricNeural,+20%,-12Hz,toxic_green,ethereal,33.0,7
2026-06-26 05:08,dWqWXoHJyrY,https://www.youtube.com/watch?v=dWqWXoHJyrY,Fear Controls,how fear silently controls every decision,This will make you question everything you think you know. Your deepest fears dictate your life...,en-GB-RyanNeural,+12%,-6Hz,toxic_green,tense,29.9,7
2026-06-26 06:08,zVSX7i1Rwws,https://www.youtube.com/watch?v=zVSX7i1Rwws,Mind Controlled,dark persuasion techniques in advertising,This will make you question everything you think you know. Your thoughts are not yours...,en-US-GuyNeural,+15%,-10Hz,toxic_green,tense,29.0,7
2026-06-26 07:09,RaFjBxBSs3U,https://www.youtube.com/watch?v=RaFjBxBSs3U,Brain Hack,dark persuasion techniques in advertising,Watch what your brain does in the next 30 seconds. You're being manipulated,en-GB-RyanNeural,+12%,-6Hz,gold,ethereal,25.6,7
2026-06-26 08:09,c8ZgAuBsPPA,https://www.youtube.com/watch?v=c8ZgAuBsPPA,Dark Brain,dark truths about human nature nobody says,Your brain hides this from you on purpose. You're selfish...,en-US-DavisNeural,+22%,-5Hz,blood_red,ominous,24.5,7
2026-06-26 09:09,XAACK1FD1Cs,https://www.youtube.com/watch?v=XAACK1FD1Cs,Sunk Cost Trap,the sunk cost trap that ruins lives silently,Pay attention. This changes after you see it. Investments... destroy you,en-US-DavisNeural,+22%,-5Hz,toxic_green,ominous,27.4,7
2026-06-26 10:08,AiDjflZjf24,https://www.youtube.com/watch?v=AiDjflZjf24,Deceived,manipulation tactics people use daily,This will make you question everything you think you know. Your world is a lie...,en-US-GuyNeural,+15%,-10Hz,electric_blue,ominous,25.2,7
2026-06-26 10:47,Q39KvLOVCKA,https://www.youtube.com/watch?v=Q39KvLOVCKA,Lies Within,dark truth about why people lie to themselves,Watch what your brain does in the next 30 seconds. You'll deny this...,en-US-DavisNeural,+22%,-5Hz,toxic_green,ominous,25.3,7
2026-06-26 11:09,FAILED,,Dark Opinion,dark reason why you care what strangers think,Nobody warns you about this one. Your self-worth... is a lie.,en-GB-RyanNeural,+12%,-6Hz,toxic_green,ominous,28.1,7
2026-06-26 11:27,0o4OjmzyOvE,https://www.youtube.com/watch?v=0o4OjmzyOvE,Mind Trap,subconscious mind tricks you never knew about,Pay attention. This changes after you see it. Your mind is lying...,en-GB-RyanNeural,+12%,-6Hz,violet,ethereal,26.5,7
2026-06-26 12:12,niqVDoL2Ysg,https://www.youtube.com/watch?v=niqVDoL2Ysg,Trapped Mind,why your brain sabotages your own happiness,"This is the reason you feel stuck, and you never knew. Your brain lies to you...",en-US-EricNeural,+20%,-12Hz,gold,ethereal,27.7,7
2026-06-26 13:08,Nq5SXW4Oblg,https://www.youtube.com/watch?v=Nq5SXW4Oblg,Brainwashed,dark persuasion techniques in advertising,This will make you question everything you think you know. Your thoughts are not yours...,en-US-EricNeural,+20%,-12Hz,toxic_green,tense,25.0,7
2026-06-26 14:08,zNhYqQf72Ec,https://www.youtube.com/watch?v=zNhYqQf72Ec,Drama Fix,why your brain secretly craves drama,Most people realize this too late. You crave drama.,en-US-GuyNeural,+15%,-10Hz,toxic_green,ethereal,22.5,7
2026-06-27 09:58,42HcXSuU6YI,https://www.youtube.com/watch?v=42HcXSuU6YI,La verdad sobre如何 te juzgan,como la gente te juzga sin que te des cuenta,es-ES-AlvaroNeural,blood_red,ominous,25.1,7
2026-06-27 10:08,fuZPnji0e0g,https://www.youtube.com/watch?v=fuZPnji0e0g,El Secreto Del Contacto Visual,como el contacto visual cambia lo que los demas piensan de ti,es-ES-AlvaroNeural,toxic_green,tense,25.1,7
2026-06-27 11:08,j_5d2S9f5eU,https://www.youtube.com/watch?v=j_5d2S9f5eU,La psicologia de la popularidad,la psicologia de la popularidad,es-ES-AlvaroNeural,electric_blue,ethereal,31.4,7
2026-06-27 12:07,arLUK0_SdtI,https://www.youtube.com/watch?v=arLUK0_SdtI,La verdad sobre el contacto visual,como el contacto visual cambia lo que los demas piensan de ti,es-ES-AlvaroNeural,gold,ethereal,24.5,7
2026-06-27 13:02,CvwjWHXQy9Y,https://www.youtube.com/watch?v=CvwjWHXQy9Y,La psicologia del miedo a perderte algo,la psicologia del miedo a perderte algo,es-ES-AlvaroNeural,electric_blue,ethereal,22.0,7
2026-06-27 14:07,FALLO,,La psicologia del autosabotaje en jovenes,la psicologia del autosabotaje en jovenes,es-ES-AlvaroNeural,violet,tense,18.8,7
2026-06-27 14:31,VeLZPWYLKOg,https://www.youtube.com/watch?v=VeLZPWYLKOg,La verdad sobre tu mente,por que tu mente se cree sus propias mentiras,es-ES-AlvaroNeural,blood_red,ominous,31.9,7
2026-06-27 15:07,_VzAq5sNUJM,https://www.youtube.com/watch?v=_VzAq5sNUJM,El secreto de la manipulacion emocional,como funciona realmente la manipulacion emocional,es-ES-AlvaroNeural,gold,tense,21.3,7
2026-06-27 16:08,0_yuv952UaY,https://www.youtube.com/watch?v=0_yuv952UaY,La zona de amistad,la psicologia de la zona de amistad,es-ES-AlvaroNeural,blood_red,ethereal,22.6,7
2026-06-27 17:08,qfjTU2v9KNA,https://www.youtube.com/watch?v=qfjTU2v9KNA,La psicologia de la venganza,la psicologia de la venganza,es-ES-AlvaroNeural,toxic_green,ethereal,20.3,7
2026-06-27 17:44,FALLO,,La verdad sobre los manipuladores,como los manipuladores consiguen tu confianza,es-ES-AlvaroNeural,gold,ethereal,18.9,7
2026-06-27 18:09,P9cNVv-XIXg,https://www.youtube.com/watch?v=P9cNVv-XIXg,La psicologia del miedo a perderte algo,la psicologia del miedo a perderte algo,es-ES-AlvaroNeural,toxic_green,tense,28.7,7
2026-06-27 19:08,pwZ-EU4Vl0g,https://www.youtube.com/watch?v=pwZ-EU4Vl0g,El poder del misterio,por que ser misterioso hace que los demas piensen mas en ti,es-ES-AlvaroNeural,violet,tense,20.7,7
2026-06-27 20:08,0l97G7DxARM,https://www.youtube.com/watch?v=0l97G7DxARM,El Poder del Misterio,por que ser misterioso hace que los demas piensen mas en ti,es-ES-AlvaroNeural,electric_blue,ethereal,22.0,7
2026-06-27 20:24,JM-DrlmsICE,https://www.youtube.com/watch?v=JM-DrlmsICE,La Adiccion Oculta,como tu cerebro se vuelve adicto a la aprobacion de los demas,es-ES-AlvaroNeural,blood_red,ethereal,24.3,7
2026-06-27 21:08,U7qi9R1ont8,https://www.youtube.com/watch?v=U7qi9R1ont8,Por que tu ex vuelve,por que tu ex vuelve cuando ya lo habias superado,es-ES-AlvaroNeural,violet,ethereal,26.6,7
2026-06-27 21:55,FALLO,,La verdad sobre tu adiccion al scroll infinito,como tu cerebro se vuelve adicto al scroll infinito,es-ES-AlvaroNeural,blood_red,ethereal,19.2,7
2026-06-27 22:09,IpfxOMADta4,https://www.youtube.com/watch?v=IpfxOMADta4,La psicologia del miedo a perderte algo,la psicologia del miedo a perderte algo,es-ES-AlvaroNeural,toxic_green,tense,36.0,7
2026-06-27 23:07,FALLO,,El sabotaje mental,por que tu cerebro sabotea tus propios objetivos,es-ES-AlvaroNeural,violet,ethereal,19.7,7
2026-06-28 00:07,uqV575cNGp0,https://www.youtube.com/watch?v=uqV575cNGp0,La oscuridad detras del rechazo,por que algunas personas se obsesionan cuando las rechazan,es-ES-AlvaroNeural,gold,tense,20.8,7
2026-06-28 00:38,FALLO,,Tu cerebro te engaña,por que tu cerebro teme tanto ser ignorado,gold,ethereal,15.1,5
2026-06-28 00:45,FALLO,,Tu cerebro miente,como tu cerebro inventa conversaciones que nunca ocurrieron,violet,ethereal,15.1,5
2026-06-28 01:06,A2u1rzHMa5M,https://www.youtube.com/watch?v=A2u1rzHMa5M,Pensar demas,la psicologia de pensar demasiado por la noche,blood_red,ominous,10.2,5
2026-06-28 01:19,mdCYMbcmQm8,https://www.youtube.com/watch?v=mdCYMbcmQm8,Atrapado en la zona de amistad,la psicologia de la zona de amistad,violet,ominous,10.6,5
2026-06-28 01:29,B2I_rVo91UY,https://www.youtube.com/watch?v=B2I_rVo91UY,Descubre tus emociones ocultas,como el lenguaje corporal revela emociones ocultas,toxic_green,ethereal,11.2,5
2026-06-28 01:37,pmSwZGDpyVk,https://www.youtube.com/watch?v=pmSwZGDpyVk,Por que temes ser ignorado,por que tu cerebro teme tanto ser ignorado,electric_blue,tense,11.1,5
2026-06-28 02:06,6VLUnXB6dt0,https://www.youtube.com/watch?v=6VLUnXB6dt0,Aprobacion constante,como tu cerebro se vuelve adicto a la aprobacion de los demas,toxic_green,ethereal,10.1,5
2026-06-28 03:05,ogsCwiHn9bU,https://www.youtube.com/watch?v=ogsCwiHn9bU,"Tratan bien, mal dentro",por que algunos te tratan bien en publico y mal en privado,gold,tense,10.3,5
2026-06-28 04:06,zydG9fbXiT4,https://www.youtube.com/watch?v=zydG9fbXiT4,Ghosting: por que te dejan,la psicologia detras del ghosting,gold,tense,10.6,5
2026-06-28 05:08,Rd7M-kw-gPs,https://www.youtube.com/watch?v=Rd7M-kw-gPs,La confianza intimida,por que la confianza intimida a las personas inseguras,blood_red,ominous,9.9,5
2026-06-28 06:05,-3vKT_ajgvE,https://www.youtube.com/watch?v=-3vKT_ajgvE,Rechazado y obsesionado,por que algunas personas se obsesionan cuando las rechazan,electric_blue,tense,11.2,5
2026-06-28 07:07,to9RCOvcFVU,https://www.youtube.com/watch?v=to9RCOvcFVU,Autosabotaje nocturno,la psicologia del autosabotaje en jovenes,electric_blue,ominous,10.4,5
2026-06-28 08:07,S8RuJHz0ezw,https://www.youtube.com/watch?v=S8RuJHz0ezw,Redes que reprograman,como las redes sociales reprograman tu cerebro,gold,tense,11.4,5
2026-06-28 08:39,UOOxahOPPzg,https://www.youtube.com/watch?v=UOOxahOPPzg,Tu ex vuelve,por que tu ex vuelve cuando ya lo habias superado,blood_red,tense,10.4,5
2026-06-28 09:06,FALLO,,Crush confuso,por que tu crush actua de forma tan confusa,violet,ominous,10.6,5
2026-06-28 09:53,JahOqAr41uk,https://www.youtube.com/watch?v=JahOqAr41uk,Cuando te rechazan,por que algunas personas se obsesionan cuando las rechazan,blood_red,tense,11.3,5
2026-06-28 10:05,FALLO,,Tratan bien en publico,por que algunos te tratan bien en publico y mal en privado,blood_red,tense,10.7,5
2026-06-28 11:07,FRkZmvQNlzY,https://www.youtube.com/watch?v=FRkZmvQNlzY,Atractivos manipuladores,como las personas atractivas manipulan sin hablar,blood_red,tense,10.1,5
2026-06-28 12:05,U682VnjX1EU,https://www.youtube.com/watch?v=U682VnjX1EU,Controlan tus emociones,como otras personas pueden controlar tus emociones,electric_blue,ethereal,10.6,5
2026-06-28 13:05,KRzoo4NGU30,https://www.youtube.com/watch?v=KRzoo4NGU30,Aprobacion constante,como tu cerebro se vuelve adicto a la aprobacion de los demas,violet,tense,9.4,5
2026-06-28 14:05,bqnnoMAU35I,https://www.youtube.com/watch?v=bqnnoMAU35I,Ansiedad social,la psicologia de la ansiedad social,gold,ominous,10.1,5
2026-06-28 15:04,LQSZ7R14nR4,https://www.youtube.com/watch?v=LQSZ7R14nR4,El Silencio Duele,como el silencio puede ser una forma de manipulacion,blood_red,ethereal,10.2,5
2026-06-28 15:14,u_S4oJUyrWw,https://www.youtube.com/watch?v=u_S4oJUyrWw,Celos que matan,la psicologia de los celos,blood_red,ominous,11.2,5
2026-06-28 16:07,XHIo3p37GkY,https://www.youtube.com/watch?v=XHIo3p37GkY,Tu movil te controla,como tu movil controla muchas de tus decisiones,blood_red,tense,11.2,5
2026-06-28 17:06,Y9u02-BZYZo,https://www.youtube.com/watch?v=Y9u02-BZYZo,La psicologia de la popularidad,la psicologia de la popularidad,toxic_green,tense,11.4,5
2026-06-28 18:05,Gh7kEfcUrno,https://www.youtube.com/watch?v=Gh7kEfcUrno,Lenguaje corporal revela,como el lenguaje corporal revela emociones ocultas,gold,ominous,11.2,5
2026-06-28 19:01,DCUnOAuobEA,https://www.youtube.com/watch?v=DCUnOAuobEA,La noche te consume,la psicologia de pensar demasiado por la noche,toxic_green,ethereal,10.5,5
2026-06-28 20:05,JYnx9u4xfA8,https://www.youtube.com/watch?v=JYnx9u4xfA8,Confianzas Raudas,por que las personas solitarias confian demasiado rapido,toxic_green,tense,11.2,5
2026-06-28 21:05,zPDZoEl6sHs,https://www.youtube.com/watch?v=zPDZoEl6sHs,Contacto visual cambiante,como el contacto visual cambia lo que los demas piensan de ti,blood_red,ominous,10.5,5
2026-06-28 22:05,tR6dKIszF-w,https://www.youtube.com/watch?v=tR6dKIszF-w,Te juzgan sin que notes,como la gente te juzga sin que te des cuenta,violet,tense,11.2,5
2026-06-28 22:47,RJfx4rwpzO8,https://www.youtube.com/watch?v=RJfx4rwpzO8,Cumplidos que manipulan,como la gente te manipula usando cumplidos,electric_blue,tense,11.0,5
2026-06-28 23:13,D56ARQBQ8Ik,https://www.youtube.com/watch?v=D56ARQBQ8Ik,Alguien te controla sin que lo notes,por que tu cerebro se obsesiona con las relaciones imposibles,violet,ethereal,11.3,5
2026-06-29 00:05,wob9BjO4cKg,https://www.youtube.com/watch?v=wob9BjO4cKg,Por que te obsesionan,por que tu cerebro se obsesiona con las relaciones imposibles,blood_red,ethereal,10.1,5
2026-06-29 01:05,eaVLaJUKExQ,https://www.youtube.com/watch?v=eaVLaJUKExQ,Por que no puedo dejarlo,por que las relaciones toxicas son tan dificiles de dejar,gold,ethereal,11.0,5
2026-06-29 02:06,EL7auxMyXYc,https://www.youtube.com/watch?v=EL7auxMyXYc,Influencers controlan tu mente,como los influencers manipulan tu atencion,toxic_green,ethereal,10.8,5
2026-06-29 03:06,psOA4NmDs6k,https://www.youtube.com/watch?v=psOA4NmDs6k,Dejarte en visto,la psicologia de dejarte en visto,blood_red,ethereal,10.8,5
2026-06-29 04:06,-SCrxENd-w4,https://www.youtube.com/watch?v=-SCrxENd-w4,Cuando amabilidad esconde manipulacion,como la manipulacion se esconde detras de la amabilidad,electric_blue,ominous,11.4,5
2026-06-29 05:05,Q-LFx-q5LD0,https://www.youtube.com/watch?v=Q-LFx-q5LD0,Pensar demais te destruye,por que pensar demasiado destruye tu confianza,gold,tense,10.9,5
2026-06-29 06:13,1K0pJKaUGcY,https://www.youtube.com/watch?v=1K0pJKaUGcY,El ghosting no es lo que crees,como funciona realmente la manipulacion emocional,gold,tense,11.2,5
2026-06-29 07:06,93Qu2HyCbLg,https://www.youtube.com/watch?v=93Qu2HyCbLg,Adicto al scroll,como tu cerebro se vuelve adicto al scroll infinito,electric_blue,ominous,10.6,5
2026-06-29 08:08,0BUyqMP78Xo,https://www.youtube.com/watch?v=0BUyqMP78Xo,Manipulacion detrás de sonrisas,como la manipulacion se esconde detras de la amabilidad,violet,ominous,11.0,5
2026-06-29 09:07,0EFFa-AQ3qU,https://www.youtube.com/watch?v=0EFFa-AQ3qU,Fingen no importarle,por que algunas personas fingen que no les importas,gold,ethereal,10.2,5
2026-06-29 10:06,7FqZKNr0O60,https://www.youtube.com/watch?v=7FqZKNr0O60,Ser misterioso te hace atractivo,por que ser misterioso hace que los demas piensen mas en ti,gold,tense,11.4,5
2026-06-29 11:07,tLMIyNh3oJw,https://www.youtube.com/watch?v=tLMIyNh3oJw,La amabilidad oculta,como la manipulacion se esconde detras de la amabilidad,toxic_green,ominous,10.7,5
2026-06-29 12:05,kQLDmDXqCy0,https://www.youtube.com/watch?v=kQLDmDXqCy0,Controlan tus emociones,como otras personas pueden controlar tus emociones,violet,ethereal,11.2,5
2026-06-29 13:04,JjBqPSnJMJQ,https://www.youtube.com/watch?v=JjBqPSnJMJQ,El ghosting no es lo que crees,por que la confianza intimida a las personas inseguras,toxic_green,ethereal,11.2,5
2026-06-29 14:14,Lw8kS6AjLpw,https://www.youtube.com/watch?v=Lw8kS6AjLpw,El ghosting no es lo que crees,por que tu cerebro recuerda momentos vergonzosos durante anos,blood_red,ethereal,11.2,5
2026-06-29 14:42,zn7Rz46XnPA,https://www.youtube.com/watch?v=zn7Rz46XnPA,Manipulados sin palabras,como las personas atractivas manipulan sin hablar,toxic_green,ethereal,9.7,5
2026-06-29 15:13,c65ysQZ2Hfg,https://www.youtube.com/watch?v=c65ysQZ2Hfg,Tu cerebro te esta mintiendo ahora,como la gente te manipula usando cumplidos,violet,ethereal,11.1,5
2026-06-29 16:05,X3j_pVi_LaM,https://www.youtube.com/watch?v=X3j_pVi_LaM,Dependencia emocional,la psicologia de la dependencia emocional,toxic_green,tense,11.4,5
2026-06-29 17:06,1zkSLqr2Zp4,https://www.youtube.com/watch?v=1zkSLqr2Zp4,Adicto a toxicos,por que tu cerebro se vuelve adicto a las personas toxicas,electric_blue,ethereal,11.1,5
2026-06-29 18:06,LXZUPGSOafQ,https://www.youtube.com/watch?v=LXZUPGSOafQ,Dependencia emocional,la psicologia de la dependencia emocional,violet,ominous,10.9,5
2026-06-29 19:06,V1Mttr6VNEU,https://www.youtube.com/watch?v=V1Mttr6VNEU,Rechazo duele,por que el rechazo duele tanto,gold,tense,10.8,5
2026-06-29 19:40,yiru60bKQQs,https://www.youtube.com/watch?v=yiru60bKQQs,Tu cerebro te esta mintiendo ahora,como el silencio puede ser una forma de manipulacion,gold,tense,11.1,5
2026-06-29 20:05,eQ3FPjmarWs,https://www.youtube.com/watch?v=eQ3FPjmarWs,Pierdes confianza cerca de ellos,por que tu confianza desaparece cerca de algunas personas,electric_blue,ominous,11.3,5
2026-06-29 21:09,1FxQTj736xw,https://www.youtube.com/watch?v=1FxQTj736xw,Dejarte en visto,la psicologia de dejarte en visto,blood_red,ethereal,9.5,5
2026-06-29 21:23,mhjsSPRCmFk,https://www.youtube.com/watch?v=mhjsSPRCmFk,Alguien te controla sin que lo notes,la psicologia de la popularidad,electric_blue,tense,11.3,5
2026-06-29 22:13,xFx7FAM9j3A,https://www.youtube.com/watch?v=xFx7FAM9j3A,Alguien te controla sin que lo notes,como la gente te juzga sin que te des cuenta,electric_blue,ominous,11.3,5
2026-06-29 22:46,z8tW8ErCnVg,https://www.youtube.com/watch?v=z8tW8ErCnVg,Controlando tus emociones,como otras personas pueden controlar tus emociones,electric_blue,ominous,10.6,5
2026-06-29 23:14,CTcgmNEjyc8,https://www.youtube.com/watch?v=CTcgmNEjyc8,Tu cerebro te esta mintiendo ahora,como los influencers manipulan tu atencion,toxic_green,ethereal,11.1,5
2026-06-30 00:05,9SsmrRqc0Pw,https://www.youtube.com/watch?v=9SsmrRqc0Pw,Mentiras de tu mente,por que tu mente se cree sus propias mentiras,gold,ethereal,11.4,5
2026-06-30 01:05,2p7tgM_0ty4,https://www.youtube.com/watch?v=2p7tgM_0ty4,No puedes olvidarle,por que no puedes dejar de pensar en una persona,gold,ethereal,11.1,5
2026-06-30 02:05,4jMwybnrgu8,https://www.youtube.com/watch?v=4jMwybnrgu8,Desaparece tu confianza,por que tu confianza desaparece cerca de algunas personas,electric_blue,ominous,10.5,5
2026-06-30 03:05,K0t5hbvVVaU,https://www.youtube.com/watch?v=K0t5hbvVVaU,Adicto al scroll,como tu cerebro se vuelve adicto al scroll infinito,toxic_green,tense,10.9,5
2026-06-30 04:06,SDfkt0aZZl4,https://www.youtube.com/watch?v=SDfkt0aZZl4,Amigos toxicos,como los amigos toxicos manipulan sin que lo notes,violet,ethereal,11.1,5
2026-06-30 05:09,FALLO,,No puedes olvidarle,por que no puedes olvidar a ciertas personas,electric_blue,ominous,10.5,5
2026-06-30 06:15,olvcwvX1KOI,https://www.youtube.com/watch?v=olvcwvX1KOI,Tu cerebro te esta mintiendo ahora,como la manipulacion se esconde detras de la amabilidad,gold,tense,11.1,5
2026-06-30 07:05,yUfgtpppQ_0,https://www.youtube.com/watch?v=yUfgtpppQ_0,Tu cerebro contra ti,por que tu cerebro sabotea tus propios objetivos,electric_blue,tense,11.1,5
2026-06-30 08:07,W9hvfg7aPFU,https://www.youtube.com/watch?v=W9hvfg7aPFU,Por que te ignora,por que alguien ignora tus mensajes a proposito,toxic_green,tense,10.9,5
2026-06-30 09:06,DReGnqCFSB8,https://www.youtube.com/watch?v=DReGnqCFSB8,Dependencia emocional,la psicologia de la dependencia emocional,toxic_green,tense,11.2,5
2026-06-30 10:06,fldLqZ8ERQ4,https://www.youtube.com/watch?v=fldLqZ8ERQ4,Por que actua tan confuso,por que tu crush actua de forma tan confusa,electric_blue,ominous,10.8,5
2026-06-30 10:55,fkOPJEGnb8w,https://www.youtube.com/watch?v=fkOPJEGnb8w,Tu cerebro te esta mintiendo ahora,por que las relaciones toxicas son tan dificiles de dejar,gold,ominous,11.1,5
2026-06-30 11:15,UDG0NaJE9S8,https://www.youtube.com/watch?v=UDG0NaJE9S8,Tu cerebro te esta mintiendo ahora,por que algunas personas se obsesionan cuando las rechazan,blood_red,ominous,11.1,5
2026-06-30 12:05,woxjYCp90rI,https://www.youtube.com/watch?v=woxjYCp90rI,La manipulacion silenciosa,como las personas atractivas manipulan sin hablar,electric_blue,tense,11.3,5
2026-06-30 13:09,E-5mpn_QD_c,https://www.youtube.com/watch?v=E-5mpn_QD_c,El silencio manipula,como el silencio puede ser una forma de manipulacion,violet,ethereal,9.8,5
2026-06-30 14:13,KK42WG8VsJM,https://www.youtube.com/watch?v=KK42WG8VsJM,El ghosting no es lo que crees,como funciona realmente la manipulacion emocional,blood_red,ethereal,11.2,5
2026-06-30 15:06,rBl6CS2Jmrk,https://www.youtube.com/watch?v=rBl6CS2Jmrk,Cumplidos que manipulan,como la gente te manipula usando cumplidos,blood_red,ominous,11.4,5
2026-06-30 16:11,qvONrzlOr_Q,https://www.youtube.com/watch?v=qvONrzlOr_Q,Por que no te vas,por que las relaciones toxicas son tan dificiles de dejar,toxic_green,ethereal,11.3,5
2026-06-30 16:34,w39WGzJp7vk,https://www.youtube.com/watch?v=w39WGzJp7vk,Ghosting: por que desaparecen,la psicologia detras del ghosting,gold,ethereal,es-ES-AlvaroNeural,11.1,5
2026-06-30 17:13,waPfhTwbvsU,https://www.youtube.com/watch?v=waPfhTwbvsU,Tu cerebro te esta mintiendo ahora,como los manipuladores consiguen tu confianza,electric_blue,ominous,es-AR-TomasNeural,10.8,5
2026-06-30 17:40,B433-3b0nVQ,https://www.youtube.com/watch?v=B433-3b0nVQ,Por que nos atrapan,por que las relaciones toxicas son tan dificiles de dejar,electric_blue,ominous,es-AR-TomasNeural,9.9,5
2026-06-30 18:14,ICsnwIrmFBY,https://www.youtube.com/watch?v=ICsnwIrmFBY,Alguien te controla sin que lo notes,por que tu crush actua de forma tan confusa,toxic_green,ominous,es-ES-AlvaroNeural,11.3,5
2026-06-30 18:33,fDyOBRPBs4s,https://www.youtube.com/watch?v=fDyOBRPBs4s,El ghosting no es lo que crees,por que tu cerebro se vuelve adicto a las personas toxicas,blood_red,ethereal,es-ES-XimenaNeural,11.3,5
2026-06-30 19:05,lkQ8FQ51JP8,https://www.youtube.com/watch?v=lkQ8FQ51JP8,Autosabotaje silencioso,la psicologia del autosabotaje en jovenes,toxic_green,ominous,es-MX-JorgeNeural,10.5,5
2026-06-30 20:05,bw9EkaUF43A,https://www.youtube.com/watch?v=bw9EkaUF43A,Pensar demasiado,por que pensar demasiado destruye tu confianza,violet,tense,es-MX-JorgeNeural,11.2,5
2026-06-30 21:05,-wbQPY3s6i4,https://www.youtube.com/watch?v=-wbQPY3s6i4,Por que duele el rechazo,por que el rechazo duele tanto,blood_red,ethereal,es-AR-TomasNeural,11.3,5
2026-06-30 22:13,BfBWolS6nbM,https://www.youtube.com/watch?v=BfBWolS6nbM,Alguien te controla sin que lo notes,como el lenguaje corporal revela emociones ocultas,toxic_green,tense,es-ES-AlvaroNeural,11.3,5
2026-06-30 22:58,Mvt9pXaUbu8,https://www.youtube.com/watch?v=Mvt9pXaUbu8,Mentiras que te crees,por que tu mente se cree sus propias mentiras,electric_blue,tense,es-MX-DaliaNeural,11.1,5
2026-06-30 23:19,AGlj5jx5iIw,https://www.youtube.com/watch?v=AGlj5jx5iIw,Ghosting: Por que desaparecen,la psicologia detras del ghosting,gold,ominous,es-ES-AlvaroNeural,11.1,5
2026-07-01 00:13,GPVMoJzBJ_s,https://www.youtube.com/watch?v=GPVMoJzBJ_s,Tu cerebro te esta mintiendo ahora,como los narcisistas hacen que te sientas culpable,blood_red,ominous,es-MX-DaliaNeural,11.1,5
2026-07-01 01:06,JskfWUyn24s,https://www.youtube.com/watch?v=JskfWUyn24s,Los celos te consumen,la psicologia de los celos,violet,ominous,es-AR-TomasNeural,10.9,5
2026-07-01 02:05,YBJYzxvJhfI,https://www.youtube.com/watch?v=YBJYzxvJhfI,La amabilidad que manipula,como la manipulacion se esconde detras de la amabilidad,gold,ominous,es-MX-DaliaNeural,11.1,5
2026-07-01 03:07,qXrBJk7OeSY,https://www.youtube.com/watch?v=qXrBJk7OeSY,Por que te obsesionan,por que tu cerebro se obsesiona con las relaciones imposibles,gold,tense,es-MX-DaliaNeural,11.1,5
2026-07-01 04:05,EYtPft6WkZ8,https://www.youtube.com/watch?v=EYtPft6WkZ8,La verdad sobre la manipulacion,como funciona realmente la manipulacion emocional,toxic_green,ethereal,es-ES-XimenaNeural,11.1,5
2026-07-01 05:06,ZvTOcD3J7fU,https://www.youtube.com/watch?v=ZvTOcD3J7fU,El poder del contacto visual,como el contacto visual cambia lo que los demas piensan de ti,toxic_green,ominous,es-MX-DaliaNeural,11.3,5
2026-07-01 06:09,st4_W6LPlCE,https://www.youtube.com/watch?v=st4_W6LPlCE,La falsa confianza,como la falsa confianza engana a todos,electric_blue,ominous,es-AR-TomasNeural,11.4,5
2026-07-01 07:14,2TAFGjFoZPk,https://www.youtube.com/watch?v=2TAFGjFoZPk,Alguien te controla sin que lo notes,la psicologia del miedo a perderte algo,electric_blue,ethereal,es-AR-TomasNeural,11.3,5
2026-07-01 08:06,pylBiy22ykw,https://www.youtube.com/watch?v=pylBiy22ykw,Por que te obsesiona su rechazo,por que algunas personas se obsesionan cuando las rechazan,violet,tense,es-ES-AlvaroNeural,11.4,5
2026-07-01 09:05,x2mzlCAW7Lw,https://www.youtube.com/watch?v=x2mzlCAW7Lw,Amigos tóxicos,como los amigos toxicos manipulan sin que lo notes,violet,tense,es-MX-DaliaNeural,10.5,5
2026-07-01 10:05,F5oLwPRo-zE,https://www.youtube.com/watch?v=F5oLwPRo-zE,Tu movil te controla,como tu movil controla muchas de tus decisiones,gold,ethereal,es-ES-AlvaroNeural,11.3,5
2026-07-01 11:03,C0LzX8_xd-E,https://www.youtube.com/watch?v=C0LzX8_xd-E,Misterio atrae,por que ser misterioso hace que los demas piensen mas en ti,violet,ethereal,es-AR-TomasNeural,11.2,5
2026-07-01 11:51,4_HVd7csr78,https://www.youtube.com/watch?v=4_HVd7csr78,El ghosting no es lo que crees,como las personas atractivas manipulan sin hablar,violet,tense,es-ES-AlvaroNeural,11.2,5
2026-07-01 12:06,-536HgJ6G5k,https://www.youtube.com/watch?v=-536HgJ6G5k,Detecta el uso emocional,como detectar cuando alguien te usa emocionalmente,electric_blue,ominous,es-ES-XimenaNeural,10.9,5
2026-07-01 13:07,dxtqQZ09l9A,https://www.youtube.com/watch?v=dxtqQZ09l9A,Por que te obsesionan,por que tu cerebro se obsesiona con las relaciones imposibles,blood_red,tense,es-ES-AlvaroNeural,11.2,5
2026-07-01 14:09,ngy85qf4k4c,https://www.youtube.com/watch?v=ngy85qf4k4c,Amistades falsas,la psicologia de las amistades falsas,toxic_green,ethereal,es-AR-TomasNeural,11.3,5
2026-07-01 15:13,VVBylqPp11Q,https://www.youtube.com/watch?v=VVBylqPp11Q,Tu cerebro te esta mintiendo ahora,la psicologia de la venganza,toxic_green,ominous,es-AR-TomasNeural,10.8,5
2026-07-01 16:07,5aqMzbb240w,https://www.youtube.com/watch?v=5aqMzbb240w,La Popularidad Te Engancha,la psicologia de la popularidad,gold,ominous,es-ES-AlvaroNeural,10.8,5
2026-07-01 17:06,X_kmpHOhEKc,https://www.youtube.com/watch?v=X_kmpHOhEKc,Manipulacion emocional,como funciona realmente la manipulacion emocional,toxic_green,ominous,es-AR-TomasNeural,11.2,5
2026-07-01 18:05,0y3GO4U2Hyk,https://www.youtube.com/watch?v=0y3GO4U2Hyk,Miedo a perder,la psicologia del miedo a perderte algo,gold,tense,es-ES-AlvaroNeural,10.5,5
2026-07-01 18:38,7oouz7fWoPU,https://www.youtube.com/watch?v=7oouz7fWoPU,El ghosting no es lo que crees,como los influencers manipulan tu atencion,gold,ethereal,es-MX-JorgeNeural,11.2,5
2026-07-01 19:05,AkKEK9sRaEk,https://www.youtube.com/watch?v=AkKEK9sRaEk,Tu movil te controla,como tu movil controla muchas de tus decisiones,gold,ominous,es-ES-AlvaroNeural,11.3,5
2026-07-01 19:32,DwmJW9wAAXw,https://www.youtube.com/watch?v=DwmJW9wAAXw,Tu cerebro te esta mintiendo ahora,como funciona realmente la manipulacion emocional,toxic_green,tense,es-MX-DaliaNeural,11.1,5
2026-07-01 20:05,EzJqVsZD4FU,https://www.youtube.com/watch?v=EzJqVsZD4FU,Por que no puedes olvidarle,por que no puedes olvidar a ciertas personas,toxic_green,ethereal,es-MX-JorgeNeural,11.3,5
2026-07-01 21:05,oJpka1Gs_H8,https://www.youtube.com/watch?v=oJpka1Gs_H8,Venganza en tu mente,la psicologia de la venganza,blood_red,ominous,es-ES-XimenaNeural,10.7,5
2026-07-01 22:10,FALLO,,Fingen no importarles,por que algunas personas fingen que no les importas,toxic_green,ethereal,es-MX-JorgeNeural,10.8,5
2026-07-01 23:11,_dEhmYSTLJA,https://www.youtube.com/watch?v=_dEhmYSTLJA,Alguien te controla sin que lo notes,por que tu cerebro teme tanto ser ignorado,violet,tense,es-MX-DaliaNeural,11.4,5
2026-07-02 00:07,HP9lU2YsYZc,https://www.youtube.com/watch?v=HP9lU2YsYZc,Tu cerebro te esta mintiendo ahora,por que la gente pierde el interes en ti,electric_blue,ominous,es-AR-TomasNeural,10.8,5
2026-07-02 01:06,FKUQNlpoW4k,https://www.youtube.com/watch?v=FKUQNlpoW4k,La psicologia oscura del coqueteo,la psicologia oscura del coqueteo,blood_red,ominous,es-ES-XimenaNeural,11.4,5
2026-07-02 02:06,0aMa-ggV6is,https://www.youtube.com/watch?v=0aMa-ggV6is,Atractivos manipuladores,como las personas atractivas manipulan sin hablar,gold,ominous,es-ES-XimenaNeural,11.3,5
2026-07-02 03:05,tz95XdP6_7s,https://www.youtube.com/watch?v=tz95XdP6_7s,La primera impresion es todo,la psicologia de la primera impresion,gold,ominous,es-ES-XimenaNeural,10.9,5
2026-07-02 04:05,u6Ff0HC049g,https://www.youtube.com/watch?v=u6Ff0HC049g,Miedo a perderte algo,la psicologia del miedo a perderte algo,violet,tense,es-MX-DaliaNeural,11.4,5
2026-07-02 05:06,gVe68pA25pc,https://www.youtube.com/watch?v=gVe68pA25pc,Ansiedad en público,la psicologia de la ansiedad social,violet,ominous,es-MX-DaliaNeural,11.1,5
2026-07-02 06:10,qRUhLTyhd8k,https://www.youtube.com/watch?v=qRUhLTyhd8k,Amistades Falsas,la psicologia de las amistades falsas,gold,tense,es-ES-XimenaNeural,11.1,5
2026-07-02 07:13,qM7Nmp1YouY,https://www.youtube.com/watch?v=qM7Nmp1YouY,El ghosting no es lo que crees,como tu movil controla muchas de tus decisiones,toxic_green,ethereal,es-ES-XimenaNeural,11.3,5
2026-07-02 08:07,FALLO,,Ser misterioso,por que ser misterioso hace que los demas piensen mas en ti,electric_blue,tense,es-MX-DaliaNeural,11.3,5
2026-07-02 09:05,ZydLNxIR-hY,https://www.youtube.com/watch?v=ZydLNxIR-hY,Por que tu crush actua tan confuso,por que tu crush actua de forma tan confusa,toxic_green,tense,es-ES-XimenaNeural,11.4,5
2026-07-02 10:06,sVKAA-qN_hQ,https://www.youtube.com/watch?v=sVKAA-qN_hQ,Miedo a perderlo,la psicologia del miedo a perderte algo,gold,ethereal,es-AR-TomasNeural,10.2,5
2026-07-02 10:29,kf1_nRD7w9w,https://www.youtube.com/watch?v=kf1_nRD7w9w,Alguien te controla sin que lo notes,por que no puedes dejar de pensar en una persona,blood_red,ethereal,es-ES-AlvaroNeural,11.3,5
2026-07-02 11:06,_scdXD6nmDs,https://www.youtube.com/watch?v=_scdXD6nmDs,Manipuladores que te rodean,como los manipuladores consiguen tu confianza,toxic_green,tense,es-MX-DaliaNeural,11.1,5
2026-07-02 12:06,pxK6Nm3B5Jw,https://www.youtube.com/watch?v=pxK6Nm3B5Jw,Juzgan sin verte,como la gente te juzga sin que te des cuenta,electric_blue,ethereal,es-MX-DaliaNeural,10.1,5
2026-07-02 13:06,S7xyg54-WvE,https://www.youtube.com/watch?v=S7xyg54-WvE,Recuerdos Vergonzosos,por que tu cerebro recuerda momentos vergonzosos durante anos,electric_blue,tense,es-ES-XimenaNeural,10.9,5
2026-07-02 14:09,8i3-DDQIjHs,https://www.youtube.com/watch?v=8i3-DDQIjHs,La psicologia de la popularidad,la psicologia de la popularidad,violet,ethereal,es-MX-DaliaNeural,11.4,5
2026-07-02 15:14,FALLO,,Tu cerebro te esta mintiendo ahora,como las redes sociales reprograman tu cerebro,violet,ominous,es-MX-JorgeNeural,11.1,5
2026-07-02 16:06,FALLO,,Controlan tus emociones,como otras personas pueden controlar tus emociones,violet,ethereal,es-ES-XimenaNeural,10.3,5
2026-07-02 16:36,FALLO,,Por que te obsesionan,por que tu cerebro se obsesiona con las relaciones imposibles,toxic_green,tense,es-ES-AlvaroNeural,10.3,5
2026-07-02 17:14,FALLO,,Tu cerebro te esta mintiendo ahora,por que tu cerebro se obsesiona con las relaciones imposibles,violet,ominous,es-MX-JorgeNeural,11.1,5
2026-07-02 17:28,FALLO,,Tu cerebro te esta mintiendo ahora,la psicologia de pensar demasiado por la noche,toxic_green,ethereal,es-ES-XimenaNeural,11.1,5
2026-07-02 18:07,FALLO,,Por que vuelve tu ex,por que tu ex vuelve cuando ya lo habias superado,electric_blue,tense,es-ES-XimenaNeural,10.7,5
2026-07-02 19:06,FALLO,,Saboteas tus objetivos,por que tu cerebro sabotea tus propios objetivos,gold,ethereal,es-ES-XimenaNeural,11.4,5
2026-07-02 20:06,FALLO,,Narcisistas te hacen culpable,como los narcisistas hacen que te sientas culpable,toxic_green,ethereal,es-AR-TomasNeural,11.3,5
2026-07-02 20:59,FALLO,,El ghosting no es lo que crees,por que tu ex vuelve cuando ya lo habias superado,violet,ominous,es-ES-XimenaNeural,11.3,5
2026-07-02 21:06,FALLO,,Duele el rechazo,por que el rechazo duele tanto,violet,tense,es-MX-JorgeNeural,10.2,5
2026-07-02 22:07,FALLO,,El ghosting no es lo que crees,por que tu cerebro recuerda momentos vergonzosos durante anos,toxic_green,ominous,es-ES-AlvaroNeural,11.2,5
2026-07-02 23:14,FALLO,,El ghosting no es lo que crees,como las redes sociales reprograman tu cerebro,electric_blue,ethereal,es-MX-JorgeNeural,11.2,5
2026-07-03 00:06,FALLO,,Ser misterioso te hace atractivo,por que ser misterioso hace que los demas piensen mas en ti,blood_red,ethereal,es-ES-AlvaroNeural,11.4,5
2026-07-03 01:07,FALLO,,Amigos toxicos te manipulan,como los amigos toxicos manipulan sin que lo notes,electric_blue,ethereal,es-ES-AlvaroNeural,11.4,5
2026-07-03 02:06,FALLO,,Amistades Falsas,la psicologia de las amistades falsas,electric_blue,tense,es-MX-DaliaNeural,11.3,5
2026-07-03 03:08,FALLO,,Contacto visual que duele,como el contacto visual cambia lo que los demas piensan de ti,toxic_green,tense,es-ES-AlvaroNeural,10.8,5
2026-07-03 04:06,FALLO,,Recuerdos Vergonzosos,por que tu cerebro recuerda momentos vergonzosos durante anos,violet,ominous,es-MX-DaliaNeural,11.1,5
2026-07-03 05:07,FALLO,,La popularidad te atrapa,la psicologia de la popularidad,electric_blue,ethereal,es-AR-TomasNeural,10.5,5
2026-07-03 06:10,FALLO,,La oscura verdad del coqueteo,la psicologia oscura del coqueteo,toxic_green,ethereal,es-ES-AlvaroNeural,9.9,5
2026-07-03 07:14,FALLO,,Alguien te controla sin que lo notes,como los manipuladores consiguen tu confianza,electric_blue,tense,es-MX-DaliaNeural,11.4,5
2026-07-03 08:06,FALLO,,Compararte duele,por que compararte con otros en redes te hace sentir menos,electric_blue,ethereal,es-ES-XimenaNeural,10.6,5
2026-07-03 08:45,FALLO,,La manipulacion emocional,como funciona realmente la manipulacion emocional,electric_blue,tense,es-MX-JorgeNeural,11.2,5
2026-07-03 09:14,FALLO,,Alguien te controla sin que lo notes,como la falsa confianza engana a todos,electric_blue,tense,es-ES-AlvaroNeural,11.3,5
2026-07-03 09:50,FALLO,,Dejarte en visto,la psicologia de dejarte en visto,gold,ethereal,es-MX-JorgeNeural,9.9,5
2026-07-03 10:13,FALLO,,Tu cerebro te esta mintiendo ahora,como tu cerebro se vuelve adicto a la aprobacion de los demas,toxic_green,ethereal,es-ES-XimenaNeural,11.1,5
2026-07-03 11:06,FALLO,,Por que temes ser ignorado,por que tu cerebro teme tanto ser ignorado,blood_red,tense,es-ES-XimenaNeural,11.2,5
2026-07-03 12:06,FALLO,,Influencers manipulan tu atencion,como los influencers manipulan tu atencion,gold,tense,es-ES-XimenaNeural,11.4,5
2026-07-03 13:07,FALLO,,La venganza en tu mente,la psicologia de la venganza,toxic_green,ethereal,es-AR-TomasNeural,10.9,5
2026-07-03 14:10,FALLO,,Recuerdos vergonzosos,por que tu cerebro recuerda momentos vergonzosos durante anos,violet,ethereal,es-MX-JorgeNeural,10.1,5
2026-07-03 15:14,FALLO,,Tu cerebro te esta mintiendo ahora,como tu cerebro se vuelve adicto a la aprobacion de los demas,violet,ominous,es-ES-AlvaroNeural,11.1,5
2026-07-03 16:06,FALLO,,Tu lenguaje corporal te delata,como el lenguaje corporal revela emociones ocultas,violet,ethereal,es-AR-TomasNeural,11.4,5
2026-07-03 16:28,FALLO,,Influencers controlan tu atencion,como los influencers manipulan tu atencion,violet,ethereal,es-ES-AlvaroNeural,9.9,5
2026-07-03 17:15,FALLO,,Tu cerebro te esta mintiendo ahora,como la gente te manipula usando cumplidos,toxic_green,ominous,es-ES-AlvaroNeural,11.1,5
2026-07-03 18:11,FALLO,,Por que vuelve tu ex,por que tu ex vuelve cuando ya lo habias superado,blood_red,ominous,es-MX-DaliaNeural,11.4,5
2026-07-03 19:22,FALLO,,Alguien te controla sin que lo notes,por que algunas personas se obsesionan cuando las rechazan,electric_blue,ominous,es-MX-DaliaNeural,11.4,5
2026-07-03 20:14,FALLO,,Por que te obsesionas,por que tu cerebro se obsesiona con las relaciones imposibles,electric_blue,tense,es-MX-DaliaNeural,11.2,5
2026-07-03 20:54,FALLO,,El silencio manipula,como el silencio puede ser una forma de manipulacion,blood_red,tense,es-ES-AlvaroNeural,10.0,5
2026-07-03 21:34,FALLO,,Tu cerebro te esta mintiendo ahora,por que las relaciones toxicas son tan dificiles de dejar,violet,tense,es-MX-DaliaNeural,11.1,5
2026-07-03 22:14,FALLO,,Por que no puedes dejar de pensar,por que no puedes dejar de pensar en una persona,toxic_green,ethereal,es-AR-TomasNeural,11.1,5
2026-07-03 23:17,FALLO,,Adicto a la dopamina,la psicologia de la adiccion a la dopamina,toxic_green,ethereal,es-MX-DaliaNeural,10.6,5
2026-07-04 00:18,FALLO,,Los Celos Te Consumen,la psicologia de los celos,blood_red,ominous,es-MX-DaliaNeural,10.7,5
2026-07-04 01:15,FALLO,,Por que no puedes olvidarle,por que no puedes dejar de pensar en una persona,electric_blue,ominous,es-ES-AlvaroNeural,11.3,5
2026-07-04 02:24,FALLO,,El ghosting no es lo que crees,por que algunas personas fingen que no les importas,violet,tense,es-MX-DaliaNeural,11.3,5
2026-07-04 03:10,FALLO,,Adicto a la dopamina,la psicologia de la adiccion a la dopamina,blood_red,ethereal,es-MX-DaliaNeural,11.4,5
2026-07-04 04:06,FALLO,,Por que te ignoro,por que alguien ignora tus mensajes a proposito,gold,ominous,es-ES-XimenaNeural,10.1,5
2026-07-04 05:06,FALLO,,La amabilidad que duele,como la manipulacion se esconde detras de la amabilidad,gold,ominous,es-MX-JorgeNeural,11.0,5
2026-07-04 06:06,FALLO,,Confianza rapida,por que las personas solitarias confian demasiado rapido,gold,ethereal,es-ES-AlvaroNeural,11.2,5
2026-07-04 07:06,FALLO,,Por que te obsesionan,por que tu cerebro se obsesiona con las relaciones imposibles,blood_red,ethereal,es-ES-AlvaroNeural,10.6,5
2026-07-04 07:44,FALLO,,Tu cerebro te esta mintiendo ahora,la psicologia del miedo a perderte algo,gold,ominous,es-ES-XimenaNeural,11.1,5
2026-07-04 08:06,FALLO,,La psicologia oscura del coqueteo,la psicologia oscura del coqueteo,violet,ethereal,es-MX-DaliaNeural,11.4,5
2026-07-04 08:20,FALLO,,Alguien te controla sin que lo notes,por que la confianza intimida a las personas inseguras,toxic_green,ethereal,es-ES-XimenaNeural,11.3,5
2026-07-04 09:10,FALLO,,Tratan bien en publico,por que algunos te tratan bien en publico y mal en privado,toxic_green,ominous,es-MX-JorgeNeural,9.8,5
2026-07-04 10:14,FALLO,,Tu cerebro te esta mintiendo ahora,como el contacto visual cambia lo que los demas piensan de ti,electric_blue,ethereal,es-ES-XimenaNeural,11.1,5
2026-07-04 11:07,FALLO,,Misterio atrae,por que ser misterioso hace que los demas piensen mas en ti,toxic_green,ethereal,es-AR-TomasNeural,10.0,5
2026-07-04 12:03,FALLO,,Ansiedad social te atrapa,la psicologia de la ansiedad social,toxic_green,tense,es-AR-TomasNeural,10.5,5
2026-07-04 12:32,FALLO,,El ghosting no es lo que crees,por que tu confianza desaparece cerca de algunas personas,electric_blue,ethereal,es-MX-JorgeNeural,11.2,5
2026-07-04 13:09,FALLO,,Amistades falsas,la psicologia de las amistades falsas,toxic_green,tense,es-ES-XimenaNeural,10.6,5
2026-07-04 14:07,FALLO,,Pensamientos nocturnos,la psicologia de pensar demasiado por la noche,electric_blue,ethereal,es-MX-DaliaNeural,10.4,5
2026-07-04 15:06,FALLO,,Por que piensas demasiado,la psicologia de pensar demasiado por la noche,gold,ethereal,es-ES-XimenaNeural,10.9,5
2026-07-04 16:01,FALLO,,Alguien te controla sin que lo notes,como tu cerebro inventa conversaciones que nunca ocurrieron,electric_blue,ethereal,es-MX-DaliaNeural,11.4,5
2026-07-04 16:28,FALLO,,El ghosting no es lo que crees,por que algunas personas siempre parecen tener el control,gold,ethereal,es-ES-XimenaNeural,11.3,5
2026-07-04 17:13,FALLO,,El ghosting no es lo que crees,por que alguien ignora tus mensajes a proposito,electric_blue,ethereal,es-ES-XimenaNeural,11.3,5
2026-07-04 18:06,FALLO,,Manipulados sin palabras,como las personas atractivas manipulan sin hablar,blood_red,ethereal,es-ES-AlvaroNeural,10.2,5
2026-07-04 19:06,FALLO,,Amigos toxicos,como los amigos toxicos manipulan sin que lo notes,violet,ominous,es-ES-AlvaroNeural,11.0,5
2026-07-04 20:07,FALLO,,Por que no puedes dejarlo,por que las relaciones toxicas son tan dificiles de dejar,electric_blue,ethereal,es-AR-TomasNeural,11.3,5
2026-07-04 20:28,FALLO,,Alguien te controla sin que lo notes,por que tu cerebro sabotea tus propios objetivos,electric_blue,ominous,es-ES-XimenaNeural,11.3,5
2026-07-04 21:07,FALLO,,Ansiedad social,la psicologia de la ansiedad social,electric_blue,ominous,es-ES-AlvaroNeural,11.2,5
2026-07-04 22:06,FALLO,,La psicologia oscura del coqueteo,la psicologia oscura del coqueteo,gold,ethereal,es-AR-TomasNeural,11.3,5
2026-07-04 23:06,FALLO,,Popularidad a cualquier precio,la psicologia de la popularidad,toxic_green,ominous,es-MX-JorgeNeural,10.6,5
2026-07-04 23:59,FALLO,,Alguien te controla sin que lo notes,por que tu cerebro se obsesiona con las relaciones imposibles,gold,tense,es-ES-AlvaroNeural,11.3,5
2026-07-05 00:10,FALLO,,Confianza desaparecida,por que tu confianza desaparece cerca de algunas personas,electric_blue,ethereal,es-AR-TomasNeural,9.7,5
2026-07-05 01:14,FALLO,,Tu cerebro te esta mintiendo ahora,la psicologia detras del ghosting,violet,tense,es-ES-XimenaNeural,11.1,5
2026-07-05 02:06,FALLO,,Por que vuelve tu ex,por que tu ex vuelve cuando ya lo habias superado,violet,ominous,es-AR-TomasNeural,10.0,5
2026-07-05 03:05,FALLO,,Amistades Falsas,la psicologia de las amistades falsas,violet,ominous,es-ES-XimenaNeural,10.4,5
2026-07-05 04:07,FALLO,,Convencido de conversaciones,como tu cerebro inventa conversaciones que nunca ocurrieron,blood_red,tense,es-ES-AlvaroNeural,11.0,5
2026-07-05 05:06,FALLO,,El rechazo duele,por que el rechazo duele tanto,blood_red,ethereal,es-MX-DaliaNeural,9.7,5
2026-07-05 06:07,FALLO,,Narcisistas te hacen culpable,como los narcisistas hacen que te sientas culpable,electric_blue,ominous,es-AR-TomasNeural,10.6,5
2026-07-05 07:06,FALLO,,Culpable sin culpa,como los narcisistas hacen que te sientas culpable,electric_blue,tense,es-MX-DaliaNeural,10.6,5
2026-07-05 08:10,FALLO,,Controlan tus emociones,como otras personas pueden controlar tus emociones,electric_blue,tense,es-AR-TomasNeural,10.5,5
2026-07-05 08:38,FALLO,,El ghosting no es lo que crees,como el contacto visual cambia lo que los demas piensan de ti,electric_blue,ethereal,es-ES-AlvaroNeural,11.2,5
2026-07-05 09:13,FALLO,,Tu cerebro te esta mintiendo ahora,la psicologia de la popularidad,blood_red,ominous,es-ES-AlvaroNeural,11.1,5
2026-07-05 09:59,FALLO,,Amistades Falsas,la psicologia de las amistades falsas,gold,ethereal,es-MX-JorgeNeural,10.4,5
2026-07-05 10:14,FALLO,,Tu cerebro te esta mintiendo ahora,por que el rechazo duele tanto,electric_blue,ominous,es-MX-DaliaNeural,11.1,5
2026-07-05 11:07,FALLO,,La primera impresion,la psicologia de la primera impresion,blood_red,ominous,es-MX-JorgeNeural,10.2,5
2026-07-05 12:06,FALLO,,Celos que matan,la psicologia de los celos,violet,ethereal,es-ES-AlvaroNeural,10.1,5
2026-07-05 13:07,FALLO,,La amabilidad que manipula,como la manipulacion se esconde detras de la amabilidad,violet,ethereal,es-AR-TomasNeural,9.5,5
2026-07-05 14:08,FALLO,,La manipulacion emocional,como funciona realmente la manipulacion emocional,blood_red,tense,es-MX-JorgeNeural,11.0,5
2026-07-05 15:00,FALLO,,Por que te quedas atrapado,por que las relaciones toxicas son tan dificiles de dejar,gold,tense,es-MX-JorgeNeural,10.3,5
2026-07-05 15:15,FALLO,,Alguien te controla sin que lo notes,la psicologia detras del ghosting,blood_red,tense,es-ES-AlvaroNeural,11.3,5
2026-07-05 16:07,FALLO,,Narcisistas te hacen culpable,como los narcisistas hacen que te sientas culpable,blood_red,ethereal,es-MX-DaliaNeural,11.4,5
2026-07-05 17:10,FALLO,,Por que te atan,por que tu cerebro se vuelve adicto a las personas toxicas,violet,ethereal,es-AR-TomasNeural,9.8,5
2026-07-05 18:16,FALLO,,El ghosting no es lo que crees,por que algunos te tratan bien en publico y mal en privado,blood_red,ominous,es-AR-TomasNeural,11.2,5
2026-07-05 18:51,FALLO,,Ser misterioso,por que ser misterioso hace que los demas piensen mas en ti,electric_blue,tense,es-ES-XimenaNeural,10.4,5
2026-07-05 19:14,FALLO,,El ghosting no es lo que crees,como tu cerebro se vuelve adicto al scroll infinito,gold,ethereal,es-MX-JorgeNeural,11.2,5
2026-07-05 20:06,FALLO,,Relaciones imposibles,por que tu cerebro se obsesiona con las relaciones imposibles,blood_red,tense,es-MX-DaliaNeural,11.3,5
2026-07-05 21:06,FALLO,,Cuando te manipulan,como la gente te manipula usando cumplidos,violet,ethereal,es-MX-DaliaNeural,11.3,5
2026-07-05 22:08,FALLO,,Tu lenguaje corporal habla,como el lenguaje corporal revela emociones ocultas,blood_red,ethereal,es-MX-JorgeNeural,11.4,5
2026-07-05 22:48,FALLO,,El ghosting no es lo que crees,como el lenguaje corporal revela emociones ocultas,violet,ethereal,es-MX-DaliaNeural,11.3,5
2026-07-05 23:06,FALLO,,La amabilidad que duele,como la manipulacion se esconde detras de la amabilidad,toxic_green,tense,es-AR-TomasNeural,10.8,5
2026-07-06 00:07,FALLO,,Tu movil te controla,como tu movil controla muchas de tus decisiones,blood_red,ominous,es-AR-TomasNeural,11.0,5
2026-07-06 00:29,FALLO,,El ghosting no es lo que crees,como los manipuladores consiguen tu confianza,electric_blue,ominous,es-ES-XimenaNeural,11.3,5
2026-07-06 01:11,FALLO,,Obsesion por relaciones imposibles,por que tu cerebro se obsesiona con las relaciones imposibles,violet,ethereal,es-MX-DaliaNeural,11.4,5
2026-07-06 02:14,FALLO,,Tu cerebro te esta mintiendo ahora,por que compararte con otros en redes te hace sentir menos,electric_blue,tense,es-MX-JorgeNeural,11.1,5
2026-07-06 03:07,FALLO,,Mentiras en tu cabeza,por que tu mente se cree sus propias mentiras,blood_red,tense,es-AR-TomasNeural,11.4,5
2026-07-06 04:06,FALLO,,La noche te consume,la psicologia de pensar demasiado por la noche,blood_red,ethereal,es-AR-TomasNeural,10.9,5
2026-07-06 05:06,FALLO,,Dejas todo para despues,por que siempre dejas todo para despues,violet,ethereal,es-MX-DaliaNeural,11.2,5
2026-07-06 06:06,FALLO,,Pierdes confianza cerca de ellos,por que tu confianza desaparece cerca de algunas personas,electric_blue,ominous,es-ES-AlvaroNeural,11.3,5
2026-07-06 07:06,FALLO,,Por que vuelve tu ex,por que tu ex vuelve cuando ya lo habias superado,gold,ominous,es-ES-AlvaroNeural,10.4,5
2026-07-06 08:06,FALLO,,Tu movil te controla,como tu movil controla muchas de tus decisiones,electric_blue,tense,es-MX-JorgeNeural,10.8,5
2026-07-06 09:15,FALLO,,Tu cerebro te esta mintiendo ahora,por que tu cerebro sabotea tus propios objetivos,gold,ethereal,es-MX-DaliaNeural,11.1,5
2026-07-06 10:07,FALLO,,Por que saboteas tus metas,por que tu cerebro sabotea tus propios objetivos,gold,tense,es-ES-AlvaroNeural,10.8,5
2026-07-06 11:06,FALLO,,Te tratan bien en publico,por que algunos te tratan bien en publico y mal en privado,gold,ominous,es-MX-DaliaNeural,10.4,5
2026-07-06 12:08,FALLO,,Tu movil te controla,como tu movil controla muchas de tus decisiones,violet,ethereal,es-AR-TomasNeural,10.1,5
2026-07-06 13:07,FALLO,,La manipulacion emocional,como funciona realmente la manipulacion emocional,blood_red,tense,es-MX-DaliaNeural,11.1,5
2026-07-06 14:09,FALLO,,La zona de amistad,la psicologia de la zona de amistad,gold,ethereal,es-AR-TomasNeural,11.4,5
2026-07-06 15:08,FALLO,,Tu movil te controla,como tu movil controla muchas de tus decisiones,blood_red,ethereal,es-MX-DaliaNeural,11.1,5
2026-07-06 16:12,FALLO,,Pierdes interes en mi,por que la gente pierde el interes en ti,toxic_green,ethereal,es-MX-JorgeNeural,10.5,5
2026-07-06 17:14,FALLO,,El ghosting no es lo que crees,la psicologia del miedo a perderte algo,electric_blue,ominous,es-MX-DaliaNeural,11.3,5
2026-07-06 18:06,FALLO,,Por que te atrapan,por que tu cerebro se vuelve adicto a las personas toxicas,gold,ethereal,es-MX-DaliaNeural,10.0,5
2026-07-06 19:06,FALLO,,Por que te obsesionan,por que tu cerebro se obsesiona con las relaciones imposibles,gold,ominous,es-MX-JorgeNeural,9.8,5
2026-07-06 20:08,FALLO,,Tu cerebro inventa conversaciones,como tu cerebro inventa conversaciones que nunca ocurrieron,violet,ethereal,es-AR-TomasNeural,11.3,5
2026-07-06 21:04,FALLO,,Miedo a perder algo,la psicologia del miedo a perderte algo,electric_blue,ominous,es-AR-TomasNeural,10.2,5
2026-07-06 22:06,FALLO,,Narcisistas y culpa,como los narcisistas hacen que te sientas culpable,violet,ominous,es-AR-TomasNeural,10.2,5
2026-07-06 23:06,FALLO,,Tu lenguaje corporal,como el lenguaje corporal revela emociones ocultas,toxic_green,tense,es-ES-XimenaNeural,10.9,5
2026-07-07 00:10,FALLO,,Amistades Falsas,la psicologia de las amistades falsas,blood_red,ethereal,es-MX-DaliaNeural,11.4,5
2026-07-07 01:14,FALLO,,Alguien te controla sin que lo notes,como detectar cuando alguien te usa emocionalmente,violet,ominous,es-ES-AlvaroNeural,11.3,5
2026-07-07 02:08,FALLO,,Amigos toxicos te manipulan,como los amigos toxicos manipulan sin que lo notes,blood_red,tense,es-MX-JorgeNeural,10.9,5
2026-07-07 03:06,FALLO,,Rechazo duele,por que el rechazo duele tanto,toxic_green,ominous,es-ES-AlvaroNeural,10.4,5
2026-07-07 04:06,FALLO,,El dolor del rechazo,por que el rechazo duele tanto,violet,tense,es-ES-AlvaroNeural,11.3,5
2026-07-07 05:06,FALLO,,El lenguaje corporal,como el lenguaje corporal revela emociones ocultas,violet,tense,es-AR-TomasNeural,10.2,5
2026-07-07 06:06,FALLO,,"Confianza rapida, dolor lento",por que las personas solitarias confian demasiado rapido,violet,ethereal,es-MX-JorgeNeural,9.9,5
2026-07-07 07:08,FALLO,,"Ghosting, porque duele",la psicologia detras del ghosting,violet,ethereal,es-MX-JorgeNeural,10.7,5
2026-07-07 08:10,FALLO,,Amigos toxicos,como los amigos toxicos manipulan sin que lo notes,electric_blue,tense,es-AR-TomasNeural,10.3,5
2026-07-07 09:15,FALLO,,Alguien te controla sin que lo notes,por que tu cerebro teme tanto ser ignorado,gold,ominous,es-MX-JorgeNeural,11.3,5
2026-07-07 10:06,FALLO,,Olvidar es imposible,por que no puedes olvidar a ciertas personas,blood_red,ominous,es-MX-DaliaNeural,10.7,5
2026-07-07 10:24,FALLO,,Ghosting: por que te dejan sin explicacion,la psicologia detras del ghosting,blood_red,ethereal,es-MX-DaliaNeural,10.9,5
2026-07-07 10:40,FALLO,,Tu lenguaje corporal te delata,como el lenguaje corporal revela emociones ocultas,blood_red,tense,es-AR-TomasNeural,11.2,5
2026-07-07 11:14,FALLO,,El ghosting no es lo que crees,por que alguien ignora tus mensajes a proposito,gold,ethereal,es-ES-XimenaNeural,11.3,5
2026-07-07 12:06,FALLO,,Aprobacion toxica,como tu cerebro se vuelve adicto a la aprobacion de los demas,gold,ominous,es-MX-JorgeNeural,10.2,5
2026-07-07 13:06,FALLO,,Miedo a perder,la psicologia del miedo a perderte algo,violet,tense,es-MX-DaliaNeural,10.3,5
2026-07-07 14:08,FALLO,,Por que te ghostean,la psicologia detras del ghosting,violet,ethereal,es-AR-TomasNeural,11.2,5
2026-07-07 15:14,FALLO,,Tu cerebro te esta mintiendo ahora,como el lenguaje corporal revela emociones ocultas,gold,ethereal,es-ES-XimenaNeural,11.1,5
2026-07-07 16:06,FALLO,,Amigos toxicos te manipulan,como los amigos toxicos manipulan sin que lo notes,blood_red,ominous,es-MX-JorgeNeural,10.9,5
2026-07-07 17:06,FALLO,,Aprobacion toxica,como tu cerebro se vuelve adicto a la aprobacion de los demas,gold,ethereal,es-MX-JorgeNeural,9.6,5
2026-07-07 18:06,FALLO,,Por que te olvidan,por que la gente pierde el interes en ti,blood_red,ethereal,es-AR-TomasNeural,10.3,5
2026-07-07 18:42,FALLO,,Tu movil te controla,como tu movil controla muchas de tus decisiones,toxic_green,ominous,es-ES-AlvaroNeural,10.9,5
2026-07-07 19:13,FALLO,,Tu cerebro te esta mintiendo ahora,la psicologia oscura del coqueteo,gold,tense,es-MX-DaliaNeural,11.1,5
2026-07-07 20:06,FALLO,,Por que te dejan de querer,por que la gente pierde el interes en ti,gold,tense,es-ES-AlvaroNeural,11.2,5
2026-07-07 21:06,FALLO,,La trampa de los cumplidos,como la gente te manipula usando cumplidos,gold,ethereal,es-ES-XimenaNeural,11.2,5
2026-07-07 22:07,FALLO,,Saboteas tus objetivos,por que tu cerebro sabotea tus propios objetivos,toxic_green,ethereal,es-ES-AlvaroNeural,10.2,5
2026-07-07 22:56,FALLO,,El ghosting no es lo que crees,por que las relaciones toxicas son tan dificiles de dejar,violet,ominous,es-ES-XimenaNeural,11.3,5
2026-07-07 23:15,FALLO,,Confianza perdida,por que tu confianza desaparece cerca de algunas personas,electric_blue,ominous,es-MX-DaliaNeural,10.7,5
2026-07-08 00:14,FALLO,,Tu cerebro te esta mintiendo ahora,por que algunos te tratan bien en publico y mal en privado,electric_blue,ethereal,es-MX-DaliaNeural,11.1,5
2026-07-08 01:06,FALLO,,Ansiedad social,la psicologia de la ansiedad social,toxic_green,tense,es-MX-JorgeNeural,10.9,5
2026-07-08 02:06,FALLO,,Miente con su mirada,como las personas atractivas manipulan sin hablar,blood_red,ethereal,es-MX-DaliaNeural,10.1,5
2026-07-08 03:07,FALLO,,La psicologia de la popularidad,la psicologia de la popularidad,violet,ethereal,es-ES-XimenaNeural,11.4,5
2026-07-08 04:07,FALLO,,La venganza en tu mente,la psicologia de la venganza,gold,ethereal,es-AR-TomasNeural,11.3,5
2026-07-08 05:06,FALLO,,Obsesionados por el rechazo,por que algunas personas se obsesionan cuando las rechazan,gold,tense,es-MX-DaliaNeural,10.9,5
2026-07-08 06:06,FALLO,,Dejarte en visto,la psicologia de dejarte en visto,electric_blue,ominous,es-AR-TomasNeural,9.8,5
2026-07-08 07:13,FALLO,,Tu cerebro te esta mintiendo ahora,la psicologia de la primera impresion,electric_blue,ethereal,es-AR-TomasNeural,10.8,5
2026-07-08 08:06,FALLO,,Pensar demasiado te destruye,por que pensar demasiado destruye tu confianza,electric_blue,ominous,es-AR-TomasNeural,10.9,5
2026-07-08 09:06,FALLO,,Contacto visual,como el contacto visual cambia lo que los demas piensan de ti,electric_blue,ominous,es-ES-XimenaNeural,10.2,5
2026-07-08 10:06,FALLO,,Dejas todo para despues,por que siempre dejas todo para despues,blood_red,ominous,es-ES-AlvaroNeural,11.4,5
2026-07-08 11:09,FALLO,,Dependencia emocional,la psicologia de la dependencia emocional,blood_red,tense,es-AR-TomasNeural,11.4,5
2026-07-08 12:08,FALLO,,Narcisistas y culpa,como los narcisistas hacen que te sientas culpable,blood_red,ethereal,es-ES-XimenaNeural,10.8,5
2026-07-08 13:08,FALLO,,Por que no te va,por que las relaciones toxicas son tan dificiles de dejar,violet,ethereal,es-AR-TomasNeural,10.0,5
2026-07-08 14:09,FALLO,,Por que vuelve tu ex,por que tu ex vuelve cuando ya lo habias superado,blood_red,tense,es-AR-TomasNeural,11.1,5
2026-07-08 15:14,FALLO,,El ghosting no es lo que crees,como el lenguaje corporal revela emociones ocultas,gold,ominous,es-AR-TomasNeural,11.2,5
2026-07-08 16:05,FALLO,,Tu cerebro sabotea tus objetivos,por que tu cerebro sabotea tus propios objetivos,blood_red,ethereal,es-AR-TomasNeural,11.4,5
2026-07-08 16:24,FALLO,,Por que te obsesionan,por que tu cerebro se obsesiona con las relaciones imposibles,gold,ethereal,es-MX-DaliaNeural,11.1,5
2026-07-08 17:14,FALLO,,Alguien te controla sin que lo notes,como tu movil controla muchas de tus decisiones,toxic_green,tense,es-ES-XimenaNeural,11.3,5
2026-07-08 18:06,FALLO,,Te juzgan sin saber,como la gente te juzga sin que te des cuenta,gold,ominous,es-AR-TomasNeural,10.5,5
2026-07-08 19:06,FALLO,,Tu movil te controla,como tu movil controla muchas de tus decisiones,blood_red,ominous,es-ES-XimenaNeural,10.9,5
2026-07-08 20:07,FALLO,,No puedes dejar de pensar,por que no puedes dejar de pensar en una persona,blood_red,ominous,es-MX-DaliaNeural,11.4,5
2026-07-08 20:54,FALLO,,Alguien te controla sin que lo notes,por que no puedes dejar de pensar en una persona,gold,ethereal,es-ES-XimenaNeural,11.3,5
2026-07-08 21:14,FALLO,,Tu cerebro te esta mintiendo ahora,por que algunas personas fingen que no les importas,violet,ominous,es-MX-JorgeNeural,11.1,5
2026-07-08 22:06,FALLO,,Dependencia Emocional,la psicologia de la dependencia emocional,violet,ethereal,es-ES-XimenaNeural,10.8,5
2026-07-08 23:10,FALLO,,La amabilidad que manipula,como la manipulacion se esconde detras de la amabilidad,blood_red,ominous,es-ES-XimenaNeural,10.7,5
2026-07-09 00:14,FALLO,,Tu cerebro te esta mintiendo ahora,como el lenguaje corporal revela emociones ocultas,toxic_green,ominous,es-MX-DaliaNeural,11.1,5
2026-07-09 01:06,FALLO,,Influencers y tu atencion,como los influencers manipulan tu atencion,gold,tense,es-ES-AlvaroNeural,10.7,5
2026-07-09 02:06,FALLO,,Compararte es perder,por que compararte con otros en redes te hace sentir menos,electric_blue,ethereal,es-MX-DaliaNeural,11.4,5
2026-07-09 03:07,FALLO,,Por que no puedes dejarla,por que las relaciones toxicas son tan dificiles de dejar,toxic_green,tense,es-ES-XimenaNeural,10.8,5
2026-07-09 04:07,FALLO,,Manipulados en silencio,como las personas atractivas manipulan sin hablar,toxic_green,ominous,es-ES-AlvaroNeural,10.7,5
2026-07-09 05:06,FALLO,,Influencers te manipulan,como los influencers manipulan tu atencion,blood_red,ethereal,es-ES-AlvaroNeural,10.9,5
2026-07-09 06:06,FALLO,,Dejas todo para despues,por que siempre dejas todo para despues,toxic_green,tense,es-ES-AlvaroNeural,10.8,5
2026-07-09 07:11,FALLO,,La zona de amistad,la psicologia de la zona de amistad,violet,ominous,es-MX-JorgeNeural,11.0,5
2026-07-09 08:16,FALLO,,Tu cerebro te esta mintiendo ahora,la psicologia oscura del coqueteo,gold,ethereal,es-MX-DaliaNeural,11.1,5
2026-07-09 09:01,FALLO,,Autosabotaje nocturno,la psicologia del autosabotaje en jovenes,gold,tense,es-ES-XimenaNeural,10.5,5
2026-07-09 10:10,FALLO,,Tu cuerpo habla,como el lenguaje corporal revela emociones ocultas,gold,ominous,es-MX-JorgeNeural,10.8,5
2026-07-09 10:41,FALLO,,Adicto a la aprobacion,como tu cerebro se vuelve adicto a la aprobacion de los demas,electric_blue,ethereal,es-MX-DaliaNeural,11.4,5
2026-07-09 11:12,FALLO,,Controlan tus emociones,como otras personas pueden controlar tus emociones,electric_blue,ethereal,es-ES-XimenaNeural,10.6,5
2026-07-09 12:16,FALLO,,Detectas el uso emocional,como detectar cuando alguien te usa emocionalmente,blood_red,ominous,es-ES-XimenaNeural,11.3,5
2026-07-09 14:06,FALLO,,Por que te dejan de querer,por que la gente pierde el interes en ti,violet,tense,es-MX-JorgeNeural,10.1,5
2026-07-09 15:06,FALLO,,La amabilidad que duele,como la manipulacion se esconde detras de la amabilidad,toxic_green,ominous,es-ES-AlvaroNeural,11.3,5
2026-07-09 16:06,FALLO,,Dejarte en visto,la psicologia de dejarte en visto,blood_red,ominous,es-AR-TomasNeural,10.2,5
2026-07-09 17:08,FALLO,,Confianza cerca de ellos,por que tu confianza desaparece cerca de algunas personas,gold,ominous,es-AR-TomasNeural,10.8,5
2026-07-09 17:39,FALLO,,Tu cerebro te esta mintiendo ahora,por que tu cerebro se vuelve adicto a las personas toxicas,toxic_green,tense,es-ES-XimenaNeural,11.1,5
2026-07-09 18:07,FALLO,,Adicto al scroll,como tu cerebro se vuelve adicto al scroll infinito,blood_red,ominous,es-ES-XimenaNeural,10.7,5
2026-07-09 19:10,FALLO,,La zona amigo,la psicologia de la zona de amistad,toxic_green,ominous,es-ES-XimenaNeural,11.2,5
2026-07-09 20:14,FALLO,,Alguien te controla sin que lo notes,la psicologia de la ansiedad social,blood_red,tense,es-MX-JorgeNeural,11.3,5
2026-07-09 21:06,FALLO,,Por que vuelve tu ex,por que tu ex vuelve cuando ya lo habias superado,electric_blue,tense,es-ES-XimenaNeural,10.3,5
2026-07-09 22:07,FALLO,,Controlan tus emociones,como otras personas pueden controlar tus emociones,electric_blue,ominous,es-ES-AlvaroNeural,10.8,5
2026-07-09 22:57,FALLO,,Juzgan sin verte,como la gente te juzga sin que te des cuenta,electric_blue,ethereal,es-ES-XimenaNeural,9.4,5
2026-07-09 23:26,FALLO,,Tu cerebro te esta mintiendo ahora,por que compararte con otros en redes te hace sentir menos,gold,ethereal,es-ES-AlvaroNeural,11.1,5
2026-07-10 00:07,FALLO,,Te usan emocionalmente,como detectar cuando alguien te usa emocionalmente,violet,tense,es-ES-AlvaroNeural,11.4,5
2026-07-10 01:07,FALLO,,Detecta manipulacion,como detectar cuando alguien te usa emocionalmente,violet,ethereal,es-MX-DaliaNeural,10.7,5
2026-07-10 02:06,FALLO,,No puedes olvidarle,por que no puedes dejar de pensar en una persona,violet,ominous,es-ES-AlvaroNeural,10.8,5
2026-07-10 03:09,FALLO,,La venganza en tu mente,la psicologia de la venganza,toxic_green,ethereal,es-ES-AlvaroNeural,10.9,5
2026-07-10 04:14,FALLO,,Tu cerebro te esta mintiendo ahora,la psicologia del miedo a perderte algo,blood_red,ominous,es-MX-JorgeNeural,11.1,5
2026-07-10 05:06,FALLO,,Crush confuso,por que tu crush actua de forma tan confusa,toxic_green,ethereal,es-AR-TomasNeural,11.4,5
2026-07-10 06:06,FALLO,,Por que tu cerebro te sabotea,por que tu cerebro sabotea tus propios objetivos,gold,ominous,es-MX-JorgeNeural,10.3,5
2026-07-10 07:06,FALLO,,Aprobacion toxica,como tu cerebro se vuelve adicto a la aprobacion de los demas,blood_red,ominous,es-MX-JorgeNeural,11.2,5
2026-07-10 08:09,FALLO,,La psicologia de la popularidad,la psicologia de la popularidad,blood_red,ominous,es-MX-JorgeNeural,11.3,5
2026-07-10 09:06,FALLO,,Tu teléfono te controla,como tu movil controla muchas de tus decisiones,blood_red,ethereal,es-AR-TomasNeural,11.2,5
2026-07-10 10:06,FALLO,,La venganza te consume,la psicologia de la venganza,gold,ethereal,es-AR-TomasNeural,10.3,5
2026-07-10 10:50,FALLO,,Alguien te controla sin que lo notes,por que las personas solitarias confian demasiado rapido,blood_red,ominous,es-MX-DaliaNeural,11.4,5
2026-07-10 11:10,FALLO,,Por que vuelve tu ex,por que tu ex vuelve cuando ya lo habias superado,gold,ominous,es-ES-AlvaroNeural,10.6,5
2026-07-10 12:14,FALLO,,Tu cerebro te esta mintiendo ahora,por que compararte con otros en redes te hace sentir menos,electric_blue,tense,es-ES-AlvaroNeural,11.1,5
2026-07-10 13:07,FALLO,,Lenguaje corporal oculta,como el lenguaje corporal revela emociones ocultas,gold,ominous,es-MX-DaliaNeural,10.9,5
2026-07-10 14:07,FALLO,,Te ignora a proposito,por que alguien ignora tus mensajes a proposito,toxic_green,ominous,es-ES-XimenaNeural,11.2,5
2026-07-10 15:06,FALLO,,Manipuladores te enganan,como los manipuladores consiguen tu confianza,gold,tense,es-MX-DaliaNeural,10.6,5
2026-07-10 16:07,FALLO,,La primera impresion,la psicologia de la primera impresion,electric_blue,ominous,es-MX-JorgeNeural,10.4,5
2026-07-10 17:08,FALLO,,La primera impresion,la psicologia de la primera impresion,toxic_green,ethereal,es-AR-TomasNeural,10.2,5
2026-07-10 17:36,FALLO,,Cumplidos tóxicos,como la gente te manipula usando cumplidos,toxic_green,ominous,es-ES-AlvaroNeural,11.3,5
2026-07-10 18:07,FALLO,,Por que te obsesionan,por que tu cerebro se obsesiona con las relaciones imposibles,violet,ominous,es-MX-JorgeNeural,11.1,5
2026-07-10 19:06,FALLO,,Te manipulan sin que notes,como funciona realmente la manipulacion emocional,toxic_green,ominous,es-ES-AlvaroNeural,11.0,5
2026-07-10 20:11,FALLO,,Solitarios confian rapido,por que las personas solitarias confian demasiado rapido,violet,tense,es-ES-XimenaNeural,11.1,5
2026-07-10 21:14,FALLO,,Alguien te controla sin que lo notes,como los manipuladores consiguen tu confianza,electric_blue,ominous,es-AR-TomasNeural,11.3,5
2026-07-10 21:45,FALLO,,La amabilidad que manipula,como la manipulacion se esconde detras de la amabilidad,gold,tense,es-ES-AlvaroNeural,10.0,5
2026-07-10 22:14,FALLO,,Alguien te controla sin que lo notes,como la gente te manipula usando cumplidos,violet,ethereal,es-MX-DaliaNeural,11.4,5
2026-07-10 23:07,FALLO,,Control total,por que algunas personas siempre parecen tener el control,electric_blue,ethereal,es-MX-JorgeNeural,9.7,5
2026-07-11 00:06,FALLO,,El Poder del Ghosting,la psicologia detras del ghosting,violet,ominous,es-MX-DaliaNeural,11.4,5
2026-07-11 01:07,FALLO,,Recuerdos vergonzosos,por que tu cerebro recuerda momentos vergonzosos durante anos,gold,tense,es-AR-TomasNeural,10.9,5
2026-07-11 02:06,FALLO,,Te manipulan asi,como los manipuladores consiguen tu confianza,gold,tense,es-MX-JorgeNeural,10.8,5
2026-07-11 03:06,FALLO,,Por que la confianza intimida,por que la confianza intimida a las personas inseguras,blood_red,ethereal,es-MX-DaliaNeural,10.8,5
2026-07-11 04:10,FALLO,,Ignorados a proposito,por que alguien ignora tus mensajes a proposito,gold,ethereal,es-ES-AlvaroNeural,10.6,5
2026-07-11 05:13,FALLO,,Tu cerebro te esta mintiendo ahora,por que siempre dejas todo para despues,violet,ominous,es-ES-AlvaroNeural,11.1,5
2026-07-11 06:06,FALLO,,Control total,por que algunas personas siempre parecen tener el control,gold,ethereal,es-MX-JorgeNeural,11.3,5
2026-07-11 06:33,FALLO,,Manipulacion emocional,como funciona realmente la manipulacion emocional,gold,ethereal,es-ES-XimenaNeural,10.7,5
2026-07-11 07:14,FALLO,,El ghosting no es lo que crees,por que pensar demasiado destruye tu confianza,blood_red,ominous,es-MX-JorgeNeural,11.2,5
2026-07-11 08:06,FALLO,,Te tratan bien en publico,por que algunos te tratan bien en publico y mal en privado,toxic_green,ominous,es-ES-XimenaNeural,10.5,5
2026-07-11 09:07,FALLO,,La amabilidad que duele,como la manipulacion se esconde detras de la amabilidad,toxic_green,tense,es-MX-DaliaNeural,11.2,5
2026-07-11 10:07,FALLO,,Amigos que manipulan,como los amigos toxicos manipulan sin que lo notes,electric_blue,ominous,es-ES-AlvaroNeural,10.5,5
2026-07-11 10:58,FALLO,,El ghosting no es lo que crees,como tu cerebro se vuelve adicto a la aprobacion de los demas,gold,tense,es-MX-DaliaNeural,11.3,5
2026-07-11 11:19,FALLO,,Alguien te controla sin que lo notes,la psicologia de dejarte en visto,electric_blue,ominous,es-ES-AlvaroNeural,11.3,5
2026-07-11 12:10,FALLO,,Perdes confianza,por que tu confianza desaparece cerca de algunas personas,electric_blue,tense,es-MX-JorgeNeural,10.4,5
2026-07-11 13:14,FALLO,,El ghosting no es lo que crees,como funciona realmente la manipulacion emocional,toxic_green,tense,es-ES-AlvaroNeural,11.2,5
2026-07-11 14:07,FALLO,,Por que temes ser ignorado,por que tu cerebro teme tanto ser ignorado,violet,tense,es-MX-DaliaNeural,10.9,5
2026-07-11 14:50,FALLO,,Alguien te controla sin que lo notes,por que tu confianza desaparece cerca de algunas personas,blood_red,tense,es-ES-XimenaNeural,11.3,5
2026-07-11 15:10,FALLO,,Ansiedad social,la psicologia de la ansiedad social,gold,tense,es-AR-TomasNeural,10.8,5
2026-07-11 16:13,FALLO,,Tu cerebro te esta mintiendo ahora,por que las personas solitarias confian demasiado rapido,gold,ominous,es-MX-JorgeNeural,11.1,5
2026-07-11 17:06,FALLO,,Tu cerebro inventa conversaciones,como tu cerebro inventa conversaciones que nunca ocurrieron,gold,ominous,es-MX-DaliaNeural,11.2,5
2026-07-11 18:06,FALLO,,Detecta el abuso,como detectar cuando alguien te usa emocionalmente,gold,ominous,es-ES-XimenaNeural,11.2,5
2026-07-11 18:13,FALLO,,Inventa conversaciones,como tu cerebro inventa conversaciones que nunca ocurrieron,violet,ominous,es-ES-XimenaNeural,9.2,5
2026-07-11 19:14,FALLO,,Tu cerebro te esta mintiendo ahora,la psicologia de la popularidad,violet,ethereal,es-ES-AlvaroNeural,11.1,5
2026-07-11 20:06,FALLO,,Aprobacion constante,como tu cerebro se vuelve adicto a la aprobacion de los demas,blood_red,tense,es-AR-TomasNeural,10.4,5
2026-07-11 21:06,FALLO,,Manipuladores te enganan,como los manipuladores consiguen tu confianza,electric_blue,ethereal,es-ES-AlvaroNeural,11.2,5
2026-07-11 21:23,FALLO,,El ghosting no es lo que crees,por que algunas personas siempre parecen tener el control,violet,tense,es-MX-DaliaNeural,11.3,5
2026-07-11 21:41,FALLO,,Por que atraes personas toxicas,por que tu cerebro se vuelve adicto a las personas toxicas,gold,ominous,es-ES-XimenaNeural,11.0,5
2026-07-11 22:14,FALLO,,Alguien te controla sin que lo notes,como el lenguaje corporal revela emociones ocultas,gold,ominous,es-ES-AlvaroNeural,11.3,5
2026-07-11 23:06,FALLO,,Tratan bien en publico,por que algunos te tratan bien en publico y mal en privado,blood_red,ominous,es-MX-JorgeNeural,9.6,5
2026-07-12 00:08,FALLO,,Por que no olvidas,por que no puedes olvidar a ciertas personas,violet,ethereal,es-AR-TomasNeural,10.9,5
2026-07-12 01:07,FALLO,,La primera impresion,la psicologia de la primera impresion,violet,ethereal,es-ES-XimenaNeural,10.6,5
2026-07-12 02:14,FALLO,,El ghosting no es lo que crees,por que no puedes dejar de pensar en una persona,gold,tense,es-ES-XimenaNeural,11.3,5
2026-07-12 03:06,FALLO,,La falsa confianza,como la falsa confianza engana a todos,electric_blue,ominous,es-AR-TomasNeural,10.2,5
2026-07-12 04:07,FALLO,,La primera impresion,la psicologia de la primera impresion,blood_red,ominous,es-MX-DaliaNeural,11.2,5
2026-07-12 05:07,FALLO,,La sombra del coqueteo,la psicologia oscura del coqueteo,gold,tense,es-MX-JorgeNeural,10.7,5
2026-07-12 06:07,FALLO,,El poder del contacto visual,como el contacto visual cambia lo que los demas piensan de ti,gold,tense,es-ES-AlvaroNeural,11.0,5
2026-07-12 07:06,FALLO,,Por que confias en ellos,como los manipuladores consiguen tu confianza,blood_red,tense,es-ES-AlvaroNeural,11.3,5
2026-07-12 07:29,FALLO,,El ghosting no es lo que crees,la psicologia de la ansiedad social,toxic_green,ominous,es-ES-AlvaroNeural,11.2,5
2026-07-12 07:48,FALLO,,El ghosting no es lo que crees,como otras personas pueden controlar tus emociones,electric_blue,tense,es-ES-AlvaroNeural,11.2,5
2026-07-12 08:07,FALLO,,Influencers te controlan,como los influencers manipulan tu atencion,electric_blue,tense,es-MX-JorgeNeural,10.3,5
2026-07-12 09:11,FALLO,,Tu cerebro teme el olvido,por que tu cerebro teme tanto ser ignorado,toxic_green,tense,es-MX-DaliaNeural,10.5,5
2026-07-12 10:08,FALLO,,Ansiedad social,la psicologia de la ansiedad social,toxic_green,ethereal,es-AR-TomasNeural,10.9,5
2026-07-12 11:13,FALLO,,Te hacen sentir especial,como la gente te manipula usando cumplidos,gold,tense,es-ES-XimenaNeural,11.2,5
2026-07-12 11:56,FALLO,,El ghosting no es lo que crees,la psicologia de la venganza,blood_red,ethereal,es-AR-TomasNeural,11.2,5
2026-07-12 12:17,FALLO,,Pensar demasiado te destruye,por que pensar demasiado destruye tu confianza,toxic_green,ominous,es-ES-AlvaroNeural,11.1,5
2026-07-12 13:15,FALLO,,El ghosting no es lo que crees,como el lenguaje corporal revela emociones ocultas,gold,ominous,es-ES-XimenaNeural,11.3,5
2026-07-12 14:09,FALLO,,Amistades falsas,la psicologia de las amistades falsas,violet,tense,es-MX-DaliaNeural,10.5,5
2026-07-12 15:06,FALLO,,Detecta el uso emocional,como detectar cuando alguien te usa emocionalmente,gold,ominous,es-MX-JorgeNeural,11.2,5
2026-07-12 15:45,FALLO,,Cerebro inventa conversaciones,como tu cerebro inventa conversaciones que nunca ocurrieron,violet,ethereal,es-MX-DaliaNeural,11.4,5
2026-07-12 16:14,FALLO,,Tu cerebro te esta mintiendo ahora,la psicologia de la ansiedad social,toxic_green,ominous,es-ES-XimenaNeural,11.1,5
2026-07-12 17:06,FALLO,,Mentiras de tu mente,por que tu mente se cree sus propias mentiras,violet,ethereal,es-ES-XimenaNeural,10.4,5
2026-07-12 18:06,FALLO,,Dejas todo para despues,por que siempre dejas todo para despues,violet,ominous,es-AR-TomasNeural,10.8,5
2026-07-12 19:09,FALLO,,Zona de amistad,la psicologia de la zona de amistad,toxic_green,ethereal,es-AR-TomasNeural,11.3,5
2026-07-12 20:11,FALLO,,Tu cerebro te esta mintiendo ahora,la psicologia oscura del coqueteo,toxic_green,ominous,es-MX-DaliaNeural,11.1,5
2026-07-12 21:08,FALLO,,Adicto a toxicos,por que tu cerebro se vuelve adicto a las personas toxicas,violet,ethereal,es-ES-XimenaNeural,11.4,5
2026-07-12 22:15,FALLO,,Tu cerebro te esta mintiendo ahora,por que la gente pierde el interes en ti,electric_blue,ominous,es-AR-TomasNeural,10.9,5
2026-07-12 22:39,FALLO,,La oscura verdad del coqueteo,la psicologia oscura del coqueteo,blood_red,ethereal,es-MX-DaliaNeural,11.0,5
2026-07-12 23:14,FALLO,,El ghosting no es lo que crees,por que algunos te tratan bien en publico y mal en privado,violet,tense,es-ES-AlvaroNeural,11.2,5
2026-07-12 23:40,FALLO,,La venganza en tu mente,la psicologia de la venganza,gold,ominous,es-AR-TomasNeural,10.7,5
2026-07-13 00:14,FALLO,,Alguien te controla sin que lo notes,por que la confianza intimida a las personas inseguras,gold,tense,es-AR-TomasNeural,11.3,5
2026-07-13 01:09,FALLO,,Influencers controlan tu mente,como los influencers manipulan tu atencion,violet,tense,es-ES-XimenaNeural,11.2,5
2026-07-13 02:06,FALLO,,Narcisistas te hacen culpar,como los narcisistas hacen que te sientas culpable,blood_red,ethereal,es-MX-DaliaNeural,10.5,5
2026-07-13 03:06,FALLO,,Falsa confianza,como la falsa confianza engana a todos,electric_blue,tense,es-AR-TomasNeural,10.9,5
2026-07-13 04:08,FALLO,,La zona de amistad,la psicologia de la zona de amistad,blood_red,tense,es-AR-TomasNeural,10.2,5
2026-07-13 05:10,FALLO,,Tu movil te controla,como tu movil controla muchas de tus decisiones,electric_blue,ethereal,es-MX-DaliaNeural,10.0,5
2026-07-13 06:14,FALLO,,El ghosting no es lo que crees,la psicologia de la venganza,gold,ominous,es-MX-DaliaNeural,11.3,5
2026-07-13 07:07,FALLO,,Ansiedad social,la psicologia de la ansiedad social,electric_blue,ethereal,es-ES-XimenaNeural,10.9,5
2026-07-13 08:08,FALLO,,Aprobacion constante,como tu cerebro se vuelve adicto a la aprobacion de los demas,toxic_green,tense,es-ES-AlvaroNeural,11.3,5
2026-07-13 09:06,FALLO,,El silencio que te controla,como el silencio puede ser una forma de manipulacion,toxic_green,ominous,es-ES-XimenaNeural,10.4,5
2026-07-13 10:07,FALLO,,Dejas todo para despues,por que siempre dejas todo para despues,toxic_green,tense,es-ES-AlvaroNeural,11.4,5
2026-07-13 10:56,FALLO,,El ghosting no es lo que crees,la psicologia oscura del coqueteo,violet,ominous,es-MX-JorgeNeural,11.2,5
2026-07-13 11:06,FALLO,,La psicologia de la popularidad,la psicologia de la popularidad,blood_red,ethereal,es-ES-XimenaNeural,11.4,5
2026-07-13 11:57,FALLO,,El ghosting no es lo que crees,como tu cerebro se vuelve adicto a la aprobacion de los demas,violet,tense,es-ES-XimenaNeural,11.3,5
2026-07-13 13:06,FALLO,,El lenguaje corporal,como el lenguaje corporal revela emociones ocultas,violet,tense,es-ES-AlvaroNeural,10.4,5
2026-07-13 14:07,FALLO,,Recuerdos vergonzosos,por que tu cerebro recuerda momentos vergonzosos durante anos,gold,tense,es-MX-JorgeNeural,10.3,5
2026-07-13 15:11,FALLO,,Tu movil te controla,como tu movil controla muchas de tus decisiones,violet,tense,es-AR-TomasNeural,10.9,5
2026-07-13 16:08,FALLO,,Dejas todo para despues,por que siempre dejas todo para despues,toxic_green,ethereal,es-AR-TomasNeural,11.3,5
2026-07-13 17:07,FALLO,,Por que te obsesionan,por que tu cerebro se obsesiona con las relaciones imposibles,electric_blue,tense,es-AR-TomasNeural,10.0,5
2026-07-13 18:06,FALLO,,Aprobacion toxica,como tu cerebro se vuelve adicto a la aprobacion de los demas,electric_blue,ethereal,es-AR-TomasNeural,10.4,5
2026-07-13 18:25,FALLO,,El ghosting no es lo que crees,por que ser misterioso hace que los demas piensen mas en ti,blood_red,tense,es-MX-JorgeNeural,11.2,5
2026-07-13 19:06,FALLO,,Por que te ignoro,por que alguien ignora tus mensajes a proposito,electric_blue,tense,es-AR-TomasNeural,10.9,5
2026-07-13 20:10,FALLO,,La confianza intimida,por que la confianza intimida a las personas inseguras,gold,ominous,es-MX-DaliaNeural,10.2,5
2026-07-13 21:13,FALLO,,Alguien te controla sin que lo notes,como los amigos toxicos manipulan sin que lo notes,blood_red,tense,es-ES-XimenaNeural,11.3,5
2026-07-13 21:42,FALLO,,Por que te obsesionan,por que algunas personas se obsesionan cuando las rechazan,blood_red,ethereal,es-MX-DaliaNeural,10.3,5
2026-07-13 22:14,FALLO,,El ghosting no es lo que crees,la psicologia de pensar demasiado por la noche,gold,tense,es-AR-TomasNeural,11.2,5
2026-07-13 23:14,FALLO,,Tu cerebro te esta mintiendo ahora,por que las personas solitarias confian demasiado rapido,gold,tense,es-MX-DaliaNeural,11.1,5
2026-07-14 00:06,FALLO,,Aprobacion adictiva,como tu cerebro se vuelve adicto a la aprobacion de los demas,electric_blue,ominous,es-MX-DaliaNeural,11.4,5
2026-07-14 01:07,FALLO,,Compararte con otros,por que compararte con otros en redes te hace sentir menos,toxic_green,ominous,es-MX-DaliaNeural,10.7,5
2026-07-14 02:07,FALLO,,Por que te sientes tan celoso,la psicologia de los celos,electric_blue,ominous,es-MX-JorgeNeural,11.2,5
2026-07-14 03:06,FALLO,,Manipuladores te enganan,como los manipuladores consiguen tu confianza,blood_red,ethereal,es-MX-JorgeNeural,11.0,5
2026-07-14 04:06,FALLO,,Por que te obsesionan,por que algunas personas se obsesionan cuando las rechazan,electric_blue,ethereal,es-ES-AlvaroNeural,10.7,5
2026-07-14 05:10,FALLO,,Te ignoro a proposito,por que alguien ignora tus mensajes a proposito,toxic_green,ominous,es-ES-XimenaNeural,11.2,5
2026-07-14 06:15,FALLO,,Alguien te controla sin que lo notes,por que tu cerebro se obsesiona con las relaciones imposibles,gold,ethereal,es-MX-DaliaNeural,11.4,5
2026-07-14 06:37,FALLO,,Por que tu crush actua raro,por que tu crush actua de forma tan confusa,blood_red,ominous,es-ES-XimenaNeural,11.4,5
2026-07-14 07:14,FALLO,,Alguien te controla sin que lo notes,como las redes sociales reprograman tu cerebro,electric_blue,ominous,es-AR-TomasNeural,11.3,5
2026-07-14 08:07,FALLO,,La zona de amistad,la psicologia de la zona de amistad,electric_blue,ethereal,es-MX-DaliaNeural,11.3,5
2026-07-14 09:06,FALLO,,Mentiras de tu mente,por que tu mente se cree sus propias mentiras,blood_red,ethereal,es-ES-XimenaNeural,11.1,5
2026-07-14 10:08,FALLO,,La primera impresion,la psicologia de la primera impresion,toxic_green,ethereal,es-MX-DaliaNeural,10.6,5
2026-07-14 11:14,FALLO,,Tu cerebro te esta mintiendo ahora,por que no puedes dejar de pensar en una persona,blood_red,ominous,es-AR-TomasNeural,10.8,5
2026-07-14 12:09,FALLO,,Cumplidos que manipulan,como la gente te manipula usando cumplidos,blood_red,tense,es-MX-JorgeNeural,9.9,5
2026-07-14 13:19,FALLO,,El ghosting no es lo que crees,por que siempre dejas todo para despues,gold,tense,es-ES-XimenaNeural,11.3,5
2026-07-14 14:08,FALLO,,Contacto visual que cambia,como el contacto visual cambia lo que los demas piensan de ti,electric_blue,ethereal,es-AR-TomasNeural,11.0,5
2026-07-14 15:06,FALLO,,Dependencia emocional,la psicologia de la dependencia emocional,toxic_green,ominous,es-MX-DaliaNeural,11.1,5
2026-07-14 16:07,FALLO,,No puedes olvidarle,por que no puedes dejar de pensar en una persona,electric_blue,tense,es-AR-TomasNeural,11.1,5
2026-07-14 16:55,FALLO,,Pensar demasiado te destruye,por que pensar demasiado destruye tu confianza,blood_red,tense,es-AR-TomasNeural,10.9,5
2026-07-14 17:09,FALLO,,Tu cerebro te esta mintiendo ahora,por que algunas personas se obsesionan cuando las rechazan,violet,tense,es-MX-JorgeNeural,11.1,5
2026-07-14 18:07,FALLO,,Compararte con otros,por que compararte con otros en redes te hace sentir menos,gold,tense,es-AR-TomasNeural,11.3,5
2026-07-14 19:07,FALLO,,Adicto al scroll,como tu cerebro se vuelve adicto al scroll infinito,electric_blue,ethereal,es-ES-AlvaroNeural,10.9,5
2026-07-14 20:15,FALLO,,El ghosting no es lo que crees,por que siempre dejas todo para despues,blood_red,ethereal,es-MX-DaliaNeural,11.3,5
2026-07-14 20:48,FALLO,,El poder del contacto visual,como el contacto visual cambia lo que los demas piensan de ti,toxic_green,ominous,es-MX-DaliaNeural,11.0,5
2026-07-14 21:16,FALLO,,Tu cerebro te esta mintiendo ahora,por que las personas solitarias confian demasiado rapido,toxic_green,tense,es-MX-JorgeNeural,11.1,5
2026-07-14 22:06,FALLO,,No puedo dejar de pensar en ti,por que no puedes dejar de pensar en una persona,electric_blue,ethereal,es-MX-JorgeNeural,10.9,5
2026-07-14 23:06,FALLO,,Tu movil controla tu vida,como tu movil controla muchas de tus decisiones,blood_red,ominous,es-ES-AlvaroNeural,11.0,5
2026-07-14 23:43,FALLO,,Juzgan sin verte,como la gente te juzga sin que te des cuenta,violet,tense,es-AR-TomasNeural,10.4,5
2026-07-15 00:14,FALLO,,Alguien te controla sin que lo notes,por que tu cerebro teme tanto ser ignorado,gold,ethereal,es-AR-TomasNeural,11.3,5
2026-07-15 01:06,FALLO,,Tu lenguaje corporal te delata,como el lenguaje corporal revela emociones ocultas,blood_red,ominous,es-AR-TomasNeural,11.0,5
2026-07-15 02:06,FALLO,,Te tratan bien en publico,por que algunos te tratan bien en publico y mal en privado,gold,tense,es-MX-JorgeNeural,9.8,5
2026-07-15 03:07,FALLO,,Amigos toxicos,como los amigos toxicos manipulan sin que lo notes,electric_blue,tense,es-ES-XimenaNeural,10.8,5
2026-07-15 04:10,FALLO,,Adicto a personas toxicas,por que tu cerebro se vuelve adicto a las personas toxicas,blood_red,ethereal,es-ES-XimenaNeural,11.3,5
2026-07-15 05:14,FALLO,,Alguien te controla sin que lo notes,como los manipuladores consiguen tu confianza,violet,ominous,es-ES-AlvaroNeural,11.3,5
2026-07-15 06:08,FALLO,,Por que te dejan de querer,por que la gente pierde el interes en ti,toxic_green,ominous,es-ES-AlvaroNeural,10.7,5
2026-07-15 07:07,FALLO,,Como te manipulan,como los manipuladores consiguen tu confianza,gold,ethereal,es-MX-DaliaNeural,11.1,5
2026-07-15 07:36,FALLO,,Adicto a likes,la psicologia de la adiccion a la dopamina,toxic_green,tense,es-ES-AlvaroNeural,10.0,5
2026-07-15 08:16,FALLO,,Tu cerebro te esta mintiendo ahora,la psicologia de la popularidad,blood_red,ominous,es-AR-TomasNeural,10.8,5
2026-07-15 09:07,FALLO,,Adicto a toxicos,por que tu cerebro se vuelve adicto a las personas toxicas,toxic_green,ethereal,es-ES-XimenaNeural,11.4,5
2026-07-15 10:06,FALLO,,Por que vuelve tu ex,por que tu ex vuelve cuando ya lo habias superado,toxic_green,tense,es-AR-TomasNeural,10.0,5
2026-07-15 11:09,FALLO,,Silencio como manipulacion,como el silencio puede ser una forma de manipulacion,blood_red,ethereal,es-ES-XimenaNeural,11.4,5
2026-07-15 12:10,FALLO,,Redes sociales te manipulan,como las redes sociales reprograman tu cerebro,gold,tense,es-MX-JorgeNeural,11.2,5
2026-07-15 13:09,FALLO,,Tu cerebro te esta mintiendo ahora,como el silencio puede ser una forma de manipulacion,blood_red,ethereal,es-AR-TomasNeural,10.8,5
2026-07-15 14:09,FALLO,,Por que no la olvidas,por que no puedes dejar de pensar en una persona,toxic_green,tense,es-ES-XimenaNeural,10.5,5
2026-07-15 15:12,FALLO,,Control total,por que algunas personas siempre parecen tener el control,violet,ominous,es-AR-TomasNeural,10.8,5
2026-07-15 16:16,FALLO,,Alguien te controla sin que lo notes,por que tu cerebro teme tanto ser ignorado,blood_red,ethereal,es-ES-XimenaNeural,11.3,5
2026-07-15 17:06,FALLO,,Confianza que intimida,por que la confianza intimida a las personas inseguras,gold,tense,es-ES-XimenaNeural,9.9,5
2026-07-15 17:56,FALLO,,Te olvido rapidamente,por que la gente pierde el interes en ti,electric_blue,ethereal,es-ES-XimenaNeural,11.2,5
2026-07-15 18:22,FALLO,,Alguien te controla sin que lo notes,como detectar cuando alguien te usa emocionalmente,electric_blue,tense,es-ES-AlvaroNeural,11.3,5
2026-07-15 19:07,FALLO,,La popularidad te atrapa,la psicologia de la popularidad,blood_red,tense,es-MX-JorgeNeural,9.8,5
2026-07-15 20:07,FALLO,,La psicologia de la popularidad,la psicologia de la popularidad,electric_blue,ominous,es-MX-JorgeNeural,10.8,5
2026-07-15 21:06,FALLO,,La amabilidad que duele,como la manipulacion se esconde detras de la amabilidad,toxic_green,ethereal,es-ES-XimenaNeural,10.5,5
2026-07-15 21:45,FALLO,,Alguien te controla sin que lo notes,como las personas atractivas manipulan sin hablar,toxic_green,ethereal,es-ES-AlvaroNeural,11.3,5
2026-07-15 22:06,FALLO,,Por que no puedes olvidarle,por que no puedes dejar de pensar en una persona,gold,ominous,es-AR-TomasNeural,11.1,5
2026-07-15 23:10,FALLO,,Narcisistas te hacen culpable,como los narcisistas hacen que te sientas culpable,gold,tense,es-ES-XimenaNeural,10.7,5
2026-07-16 00:14,FALLO,,El ghosting no es lo que crees,como detectar cuando alguien te usa emocionalmente,toxic_green,ominous,es-ES-AlvaroNeural,11.2,5
2026-07-16 01:06,FALLO,,Tu ex vuelve quando...,por que tu ex vuelve cuando ya lo habias superado,blood_red,tense,es-AR-TomasNeural,10.1,5
2026-07-16 02:14,FALLO,,El ghosting no es lo que crees,por que siempre dejas todo para despues,electric_blue,tense,es-MX-JorgeNeural,11.2,5
2026-07-16 03:06,FALLO,,Fachada publica,por que algunos te tratan bien en publico y mal en privado,violet,ominous,es-AR-TomasNeural,11.1,5
2026-07-16 04:06,FALLO,,Miedo a perderlo todo,la psicologia del miedo a perderte algo,toxic_green,ethereal,es-ES-XimenaNeural,11.3,5
2026-07-16 05:07,FALLO,,Amigos toxicos,como los amigos toxicos manipulan sin que lo notes,gold,ominous,es-MX-DaliaNeural,10.8,5
2026-07-16 06:07,FALLO,,Adicto al scroll,como tu cerebro se vuelve adicto al scroll infinito,electric_blue,ethereal,es-AR-TomasNeural,9.6,5
2026-07-16 06:50,FALLO,,Alguien te controla sin que lo notes,por que tu mente se cree sus propias mentiras,blood_red,ethereal,es-MX-DaliaNeural,11.4,5
2026-07-16 07:14,FALLO,,Alguien te controla sin que lo notes,por que no puedes olvidar a ciertas personas,blood_red,ominous,es-MX-JorgeNeural,11.3,5
2026-07-16 07:36,FALLO,,Detecta el uso emocional,como detectar cuando alguien te usa emocionalmente,toxic_green,tense,es-AR-TomasNeural,10.8,5
2026-07-16 08:15,FALLO,,El ghosting no es lo que crees,como la gente te juzga sin que te des cuenta,electric_blue,ominous,es-MX-JorgeNeural,11.2,5
2026-07-16 09:06,FALLO,,Por que actua asi,por que tu crush actua de forma tan confusa,gold,ethereal,es-AR-TomasNeural,11.2,5
2026-07-16 10:06,FALLO,,Silencio manipulador,como el silencio puede ser una forma de manipulacion,blood_red,ethereal,es-MX-DaliaNeural,11.1,5
2026-07-16 11:10,FALLO,,Celos que atan,la psicologia de los celos,toxic_green,ethereal,es-ES-AlvaroNeural,11.4,5
2026-07-16 12:08,FALLO,,El poder del contacto visual,como el contacto visual cambia lo que los demas piensan de ti,gold,ominous,es-ES-XimenaNeural,11.2,5
2026-07-16 12:16,FALLO,,Cerebro reprogramado,como las redes sociales reprograman tu cerebro,electric_blue,ethereal,es-ES-AlvaroNeural,10.3,5
2026-07-16 13:08,FALLO,,Mentiras de mi mente,por que tu mente se cree sus propias mentiras,blood_red,tense,es-ES-XimenaNeural,10.9,5
2026-07-16 14:14,FALLO,,El ghosting no es lo que crees,por que tu mente se cree sus propias mentiras,blood_red,ominous,es-ES-AlvaroNeural,11.2,5
2026-07-16 15:09,FALLO,,La Psicologia De La Popularidad,la psicologia de la popularidad,gold,ethereal,es-ES-XimenaNeural,11.4,5
2026-07-16 16:06,FALLO,,Te juzgan sin que te des cuenta,como la gente te juzga sin que te des cuenta,electric_blue,tense,es-AR-TomasNeural,11.1,5
2026-07-16 17:03,FALLO,,La manipulacion oculta,como la gente te manipula usando cumplidos,gold,tense,es-MX-DaliaNeural,10.7,5
2026-07-16 17:54,FALLO,,Controlados,por que algunas personas siempre parecen tener el control,blood_red,ominous,es-ES-AlvaroNeural,10.7,5
2026-07-16 18:14,FALLO,,Tu cerebro te esta mintiendo ahora,por que tu cerebro recuerda momentos vergonzosos durante anos,toxic_green,ethereal,es-ES-XimenaNeural,11.1,5
2026-07-16 19:06,FALLO,,Saboteas tus objetivos,por que tu cerebro sabotea tus propios objetivos,toxic_green,ominous,es-ES-XimenaNeural,10.9,5
2026-07-16 20:06,FALLO,,Lenguaje corporal oculta,como el lenguaje corporal revela emociones ocultas,violet,ethereal,es-MX-JorgeNeural,10.2,5
2026-07-16 20:28,FALLO,,El ghosting no es lo que crees,como el contacto visual cambia lo que los demas piensan de ti,blood_red,tense,es-AR-TomasNeural,11.2,5
2026-07-16 21:10,FALLO,,Ser misterioso te hace irresistible,por que ser misterioso hace que los demas piensen mas en ti,toxic_green,ethereal,es-AR-TomasNeural,11.1,5
2026-07-16 22:14,FALLO,,El ghosting no es lo que crees,la psicologia de la primera impresion,violet,ethereal,es-MX-DaliaNeural,11.3,5
2026-07-16 23:14,FALLO,,El ghosting no es lo que crees,por que no puedes dejar de pensar en una persona,violet,ethereal,es-ES-XimenaNeural,11.3,5
2026-07-17 00:07,FALLO,,Dejarte en visto,la psicologia de dejarte en visto,blood_red,ethereal,es-ES-AlvaroNeural,11.4,5
2026-07-17 00:23,FALLO,,La zona de amistad,la psicologia de la zona de amistad,gold,tense,es-MX-JorgeNeural,11.2,5
2026-07-17 01:14,FALLO,,Tu cerebro te esta mintiendo ahora,por que tu cerebro sabotea tus propios objetivos,toxic_green,ominous,es-ES-AlvaroNeural,11.1,5
2026-07-17 02:07,FALLO,,La populares son adictivas,la psicologia de la popularidad,violet,tense,es-ES-XimenaNeural,11.4,5
2026-07-17 03:08,FALLO,,Recuerdos Vergonzosos,por que tu cerebro recuerda momentos vergonzosos durante anos,violet,ethereal,es-MX-DaliaNeural,11.4,5
2026-07-17 04:07,FALLO,,Vuelve cuando te alejas,por que tu ex vuelve cuando ya lo habias superado,gold,ethereal,es-ES-XimenaNeural,10.3,5
2026-07-17 05:06,FALLO,,Por que te obsesionan,por que tu cerebro se obsesiona con las relaciones imposibles,blood_red,ethereal,es-AR-TomasNeural,10.7,5
2026-07-17 06:07,FALLO,,Por que te obsesionas,por que algunas personas se obsesionan cuando las rechazan,gold,ominous,es-MX-JorgeNeural,10.8,5
2026-07-17 06:53,FALLO,,Alguien te controla sin que lo notes,la psicologia de la primera impresion,electric_blue,ominous,es-ES-AlvaroNeural,11.3,5
2026-07-17 07:14,FALLO,,El ghosting no es lo que crees,como la manipulacion se esconde detras de la amabilidad,gold,ethereal,es-AR-TomasNeural,11.2,5
2026-07-17 08:06,FALLO,,La dependencia emocional,la psicologia de la dependencia emocional,toxic_green,ethereal,es-MX-JorgeNeural,11.3,5
2026-07-17 09:07,FALLO,,Amigos tóxicos,como los amigos toxicos manipulan sin que lo notes,blood_red,tense,es-ES-XimenaNeural,11.3,5
2026-07-17 09:32,FALLO,,Tu cerebro te esta mintiendo ahora,como tu cerebro se vuelve adicto al scroll infinito,toxic_green,ethereal,es-ES-AlvaroNeural,11.1,5
2026-07-17 10:08,FALLO,,Rechazo obsesivo,por que algunas personas se obsesionan cuando las rechazan,gold,tense,es-ES-AlvaroNeural,10.5,5
2026-07-17 11:09,FALLO,,Adicto al scroll,como tu cerebro se vuelve adicto al scroll infinito,electric_blue,ethereal,es-AR-TomasNeural,10.4,5
2026-07-17 12:04,FALLO,,Por que te pierden el interes,por que la gente pierde el interes en ti,electric_blue,ominous,es-MX-JorgeNeural,10.2,5
2026-07-17 13:06,FALLO,,Te manipulan con halagos,como la gente te manipula usando cumplidos,violet,ominous,es-AR-TomasNeural,10.0,5
2026-07-17 14:11,FALLO,,La zona de amistad,la psicologia de la zona de amistad,electric_blue,ethereal,es-ES-AlvaroNeural,10.0,5
2026-07-17 15:14,FALLO,,El ghosting no es lo que crees,por que algunas personas se obsesionan cuando las rechazan,gold,ominous,es-ES-AlvaroNeural,11.2,5
2026-07-17 16:06,FALLO,,Amigos toxicos,como los amigos toxicos manipulan sin que lo notes,electric_blue,ethereal,es-ES-AlvaroNeural,11.0,5
2026-07-17 16:55,FALLO,,El ghosting no es lo que crees,la psicologia de los celos,violet,tense,es-AR-TomasNeural,11.2,5
2026-07-17 17:11,FALLO,,La amabilidad que manipula,como la manipulacion se esconde detras de la amabilidad,gold,ethereal,es-ES-AlvaroNeural,11.0,5
2026-07-17 18:14,FALLO,,Alguien te controla sin que lo notes,la psicologia de pensar demasiado por la noche,blood_red,ominous,es-ES-XimenaNeural,11.3,5
2026-07-17 18:37,FALLO,,Adicto al scroll,como tu cerebro se vuelve adicto al scroll infinito,gold,tense,es-MX-JorgeNeural,10.1,5
2026-07-17 19:13,FALLO,,El ghosting no es lo que crees,la psicologia de los celos,violet,ethereal,es-MX-JorgeNeural,11.2,5
2026-07-17 19:57,FALLO,,Adicto a la toxicidad,por que tu cerebro se vuelve adicto a las personas toxicas,toxic_green,ominous,es-ES-AlvaroNeural,11.3,5
2026-07-17 20:14,FALLO,,El ghosting no es lo que crees,por que las relaciones toxicas son tan dificiles de dejar,toxic_green,ominous,es-ES-XimenaNeural,11.3,5
2026-07-17 20:33,FALLO,,Por que te obsesionan,por que tu cerebro se obsesiona con las relaciones imposibles,electric_blue,tense,es-MX-JorgeNeural,11.3,5
2026-07-17 21:13,FALLO,,Tu cerebro te esta mintiendo ahora,por que la gente pierde el interes en ti,blood_red,ominous,es-ES-XimenaNeural,11.1,5
2026-07-17 22:06,FALLO,,La oscuridad del coqueteo,la psicologia oscura del coqueteo,blood_red,ominous,es-AR-TomasNeural,10.9,5
2026-07-17 22:34,FALLO,,Tu cerebro te esta mintiendo ahora,por que algunas personas se obsesionan cuando las rechazan,blood_red,ominous,es-AR-TomasNeural,10.8,5
2026-07-17 23:06,FALLO,,Contacto visual,como el contacto visual cambia lo que los demas piensan de ti,violet,ominous,es-AR-TomasNeural,10.5,5
2026-07-17 23:26,FALLO,,Tu cerebro te esta mintiendo ahora,por que no puedes olvidar a ciertas personas,gold,tense,es-AR-TomasNeural,10.8,5
2026-07-18 00:01,FALLO,,Tu telefono te controla,como tu movil controla muchas de tus decisiones,electric_blue,ominous,es-AR-TomasNeural,11.2,5
2026-07-18 00:31,FALLO,,Alguien te controla sin que lo notes,como los influencers manipulan tu atencion,gold,ethereal,es-MX-JorgeNeural,11.3,5
2026-07-18 01:15,FALLO,,¿Por qué tu lenguaje corporal delata tus emociones?,como el lenguaje corporal revela emociones ocultas,violet,ominous,es-AR-TomasNeural,11.1,5
2026-07-18 02:20,FALLO,,La psicologia oscura del coqueteo,la psicologia oscura del coqueteo,blood_red,tense,es-ES-XimenaNeural,11.3,5
2026-07-18 03:06,FALLO,,Tu cerebro te esta mintiendo ahora,como las personas atractivas manipulan sin hablar,violet,ethereal,es-ES-AlvaroNeural,11.1,5
2026-07-18 04:02,FALLO,,Tu cerebro te esta mintiendo ahora,como la gente te manipula usando cumplidos,gold,ethereal,es-MX-DaliaNeural,11.1,5
2026-07-18 05:15,FALLO,,El lenguaje corporal te delata,como el lenguaje corporal revela emociones ocultas,toxic_green,ethereal,es-AR-TomasNeural,10.8,5
2026-07-18 05:44,FALLO,,Confianza rapida en soledad,por que las personas solitarias confian demasiado rapido,gold,ethereal,es-ES-XimenaNeural,11.2,5
2026-07-18 06:23,FALLO,,Alguien te controla sin que lo notes,como la manipulacion se esconde detras de la amabilidad,blood_red,ominous,es-ES-AlvaroNeural,11.3,5
2026-07-18 06:49,FALLO,,El ghosting no es lo que crees,la psicologia detras del ghosting,blood_red,ethereal,es-ES-AlvaroNeural,11.2,5
2026-07-18 07:15,FALLO,,La psicologia oscura del coqueteo,la psicologia oscura del coqueteo,gold,tense,es-MX-DaliaNeural,11.2,5
2026-07-18 08:11,FALLO,,Adicto al scroll,como tu cerebro se vuelve adicto al scroll infinito,electric_blue,ominous,es-ES-AlvaroNeural,10.5,5
2026-07-18 08:56,FALLO,,El ghosting no es lo que crees,como la gente te manipula usando cumplidos,toxic_green,ominous,es-MX-DaliaNeural,11.3,5
2026-07-18 09:15,FALLO,,Detecta el uso emocional,como detectar cuando alguien te usa emocionalmente,blood_red,ethereal,es-MX-JorgeNeural,11.2,5
2026-07-18 10:02,FALLO,,Tu cerebro te esta mintiendo ahora,por que algunos te tratan bien en publico y mal en privado,toxic_green,tense,es-AR-TomasNeural,10.8,5
2026-07-18 11:23,FALLO,,El ghosting no es lo que crees,como tu cerebro inventa conversaciones que nunca ocurrieron,electric_blue,tense,es-MX-JorgeNeural,11.2,5
2026-07-18 11:55,FALLO,,Confianza rapida,por que las personas solitarias confian demasiado rapido,violet,ethereal,es-MX-JorgeNeural,11.4,5
2026-07-18 12:24,FALLO,,El ghosting no es lo que crees,por que tu cerebro se vuelve adicto a las personas toxicas,violet,ominous,es-ES-AlvaroNeural,11.2,5
2026-07-18 13:15,FALLO,,La confianza intimida,por que la confianza intimida a las personas inseguras,toxic_green,ominous,es-ES-XimenaNeural,10.6,5
2026-07-18 13:37,FALLO,,Tu lenguaje corporal te delata,como el lenguaje corporal revela emociones ocultas,blood_red,tense,es-ES-XimenaNeural,11.2,5
2026-07-18 14:17,FALLO,,Tu cerebro te esta mintiendo ahora,por que tu crush actua de forma tan confusa,violet,ominous,es-MX-DaliaNeural,11.1,5
2026-07-18 15:19,FALLO,,Alguien te controla sin que lo notes,como la manipulacion se esconde detras de la amabilidad,electric_blue,tense,es-AR-TomasNeural,11.3,5
2026-07-18 15:58,FALLO,,Alguien te controla sin que lo notes,como los manipuladores consiguen tu confianza,toxic_green,tense,es-ES-XimenaNeural,11.3,5
2026-07-18 16:23,FALLO,,Tu cerebro te esta mintiendo ahora,la psicologia de pensar demasiado por la noche,gold,ominous,es-ES-AlvaroNeural,11.1,5
2026-07-18 17:02,FALLO,,El ghosting no es lo que crees,por que tu cerebro se vuelve adicto a las personas toxicas,violet,ethereal,es-MX-JorgeNeural,11.2,5
2026-07-18 17:50,FALLO,,Tu cerebro te esta mintiendo ahora,como los manipuladores consiguen tu confianza,violet,ethereal,es-MX-JorgeNeural,11.1,5
2026-07-18 18:19,FALLO,,Tu cerebro te esta mintiendo ahora,como tu movil controla muchas de tus decisiones,violet,tense,es-AR-TomasNeural,10.8,5
2026-07-18 18:56,FALLO,,El ghosting no es lo que crees,la psicologia oscura del coqueteo,blood_red,ethereal,es-MX-JorgeNeural,11.2,5
2026-07-18 19:23,FALLO,,Alguien te controla sin que lo notes,por que no puedes olvidar a ciertas personas,blood_red,ethereal,es-MX-DaliaNeural,11.4,5
2026-07-18 20:01,FALLO,,El ghosting no es lo que crees,la psicologia de la venganza,violet,ominous,es-AR-TomasNeural,11.2,5
2026-07-18 21:08,FALLO,,Influencers controlan tu mente,como los influencers manipulan tu atencion,violet,ominous,es-ES-XimenaNeural,10.0,5
2026-07-18 21:54,FALLO,,El ghosting no es lo que crees,como la manipulacion se esconde detras de la amabilidad,toxic_green,ominous,es-AR-TomasNeural,11.2,5
2026-07-18 22:33,FALLO,,Tu cerebro te esta mintiendo ahora,como otras personas pueden controlar tus emociones,violet,tense,es-MX-JorgeNeural,11.1,5
2026-07-18 23:12,FALLO,,La primera impresion,la psicologia de la primera impresion,toxic_green,ethereal,es-ES-AlvaroNeural,10.5,5
2026-07-18 23:57,FALLO,,El ghosting no es lo que crees,como la falsa confianza engana a todos,blood_red,tense,es-MX-DaliaNeural,11.3,5
2026-07-19 00:34,FALLO,,Tu cerebro te esta mintiendo ahora,por que tu cerebro teme tanto ser ignorado,blood_red,ominous,es-ES-AlvaroNeural,11.1,5
2026-07-19 01:15,FALLO,,Te manipulan asi,como los manipuladores consiguen tu confianza,electric_blue,ominous,es-MX-JorgeNeural,10.0,5
2026-07-19 02:20,FALLO,,Por que te obsesionan,por que algunas personas se obsesionan cuando las rechazan,blood_red,ethereal,es-ES-AlvaroNeural,10.9,5
2026-07-19 03:23,FALLO,,Tu cerebro te esta mintiendo ahora,como detectar cuando alguien te usa emocionalmente,toxic_green,tense,es-MX-JorgeNeural,11.1,5
2026-07-19 03:48,FALLO,,Por que vuelve tu ex,por que tu ex vuelve cuando ya lo habias superado,gold,tense,es-ES-XimenaNeural,10.8,5
2026-07-19 04:16,FALLO,,La adiccion a la dopamina,la psicologia de la adiccion a la dopamina,toxic_green,tense,es-AR-TomasNeural,11.3,5
2026-07-19 05:23,FALLO,,El ghosting no es lo que crees,como las redes sociales reprograman tu cerebro,electric_blue,ominous,es-MX-DaliaNeural,11.3,5
2026-07-19 06:17,FALLO,,Ser misterioso,por que ser misterioso hace que los demas piensen mas en ti,violet,tense,es-ES-XimenaNeural,10.6,5
2026-07-19 06:49,FALLO,,Silencio que duele,como el silencio puede ser una forma de manipulacion,toxic_green,ominous,es-ES-AlvaroNeural,10.8,5
2026-07-19 07:25,FALLO,,El ghosting no es lo que crees,la psicologia de pensar demasiado por la noche,electric_blue,ominous,es-MX-JorgeNeural,11.2,5
2026-07-19 09:18,FALLO,,El Poder Del Contacto Visual,como el contacto visual cambia lo que los demas piensan de ti,violet,ominous,es-ES-XimenaNeural,10.8,5
2026-07-19 10:00,FALLO,,La psicologia de la primera impresion,la psicologia de la primera impresion,violet,ominous,es-ES-XimenaNeural,10.3,5
2026-07-19 10:25,FALLO,,Alguien te controla sin que lo notes,como los manipuladores consiguen tu confianza,electric_blue,tense,es-ES-XimenaNeural,11.3,5
2026-07-19 11:06,FALLO,,Fingen no importar,por que algunas personas fingen que no les importas,electric_blue,tense,es-ES-XimenaNeural,10.2,5
2026-07-19 11:54,FALLO,,El ghosting no es lo que crees,como los narcisistas hacen que te sientas culpable,violet,ethereal,es-MX-DaliaNeural,11.3,5
2026-07-19 12:15,FALLO,,Recuerdos Vergonzosos,por que tu cerebro recuerda momentos vergonzosos durante anos,gold,tense,es-ES-XimenaNeural,10.8,5
2026-07-19 13:19,FALLO,,Compararte con otros,por que compararte con otros en redes te hace sentir menos,violet,tense,es-MX-DaliaNeural,11.4,5
2026-07-19 13:45,FALLO,,Alguien te controla sin que lo notes,por que algunas personas fingen que no les importas,toxic_green,tense,es-AR-TomasNeural,11.3,5
2026-07-19 14:21,FALLO,,El ghosting no es lo que crees,por que algunas personas fingen que no les importas,blood_red,ominous,es-AR-TomasNeural,11.2,5
2026-07-19 15:21,FALLO,,El ghosting no es lo que crees,la psicologia de la popularidad,electric_blue,tense,es-ES-AlvaroNeural,11.2,5
2026-07-19 15:58,FALLO,,El ghosting no es lo que crees,la psicologia de pensar demasiado por la noche,gold,tense,es-ES-XimenaNeural,11.3,5
2026-07-19 16:23,FALLO,,Tu cerebro te esta mintiendo ahora,como funciona realmente la manipulacion emocional,gold,ethereal,es-MX-JorgeNeural,11.1,5
2026-07-19 17:03,FALLO,,Alguien te controla sin que lo notes,por que algunas personas siempre parecen tener el control,gold,ominous,es-ES-XimenaNeural,11.3,5
2026-07-19 17:45,FALLO,,Tu cerebro vs tus objetivos,por que tu cerebro sabotea tus propios objetivos,violet,ominous,es-MX-DaliaNeural,10.8,5
2026-07-19 18:22,FALLO,,El ghosting no es lo que crees,por que alguien ignora tus mensajes a proposito,electric_blue,tense,es-ES-AlvaroNeural,11.2,5
2026-07-19 19:15,FALLO,,La psicologia de la popularidad,la psicologia de la popularidad,toxic_green,ominous,es-ES-AlvaroNeural,9.5,5
2026-07-19 19:42,FALLO,,El ghosting no es lo que crees,como los influencers manipulan tu atencion,electric_blue,ominous,es-AR-TomasNeural,11.2,5
2026-07-19 20:23,FALLO,,Alguien te controla sin que lo notes,la psicologia detras del ghosting,violet,ominous,es-MX-DaliaNeural,11.4,5
2026-07-19 21:09,FALLO,,Confianza rapida,por que las personas solitarias confian demasiado rapido,blood_red,ominous,es-MX-JorgeNeural,11.4,5
2026-07-19 21:54,FALLO,,El ghosting no es lo que crees,por que siempre dejas todo para despues,gold,ominous,es-MX-JorgeNeural,11.2,5
2026-07-19 22:12,FALLO,,Por que no te dejan ir,por que las relaciones toxicas son tan dificiles de dejar,blood_red,ethereal,es-MX-DaliaNeural,10.8,5
2026-07-19 22:59,FALLO,,El ghosting no es lo que crees,por que el rechazo duele tanto,electric_blue,tense,es-MX-JorgeNeural,11.2,5
2026-07-19 23:39,FALLO,,Alguien te controla sin que lo notes,como otras personas pueden controlar tus emociones,toxic_green,ominous,es-MX-DaliaNeural,11.4,5
2026-07-20 00:20,FALLO,,Autosabotaje silencioso,la psicologia del autosabotaje en jovenes,toxic_green,ethereal,es-AR-TomasNeural,10.1,5
2026-07-20 01:21,FALLO,,Alguien te controla sin que lo notes,la psicologia de la zona de amistad,blood_red,ominous,es-ES-XimenaNeural,11.3,5
2026-07-20 02:23,FALLO,,El ghosting no es lo que crees,como tu movil controla muchas de tus decisiones,blood_red,ethereal,es-MX-DaliaNeural,11.3,5
2026-07-20 03:15,FALLO,,La psicologia oscura del coqueteo,la psicologia oscura del coqueteo,gold,ominous,es-ES-AlvaroNeural,11.0,5
2026-07-20 04:15,FALLO,,Autosabotaje en jovenes,la psicologia del autosabotaje en jovenes,toxic_green,ominous,es-MX-JorgeNeural,11.4,5
2026-07-20 04:54,FALLO,,Silencio manipulado,como el silencio puede ser una forma de manipulacion,toxic_green,ethereal,es-ES-AlvaroNeural,11.0,5
2026-07-20 05:21,FALLO,,Alguien te controla sin que lo notes,la psicologia de la primera impresion,blood_red,ominous,es-MX-DaliaNeural,11.4,5
2026-07-20 06:15,FALLO,,Zona de amistad,la psicologia de la zona de amistad,toxic_green,tense,es-MX-DaliaNeural,11.3,5
2026-07-20 07:15,FALLO,,La venganza en tu mente,la psicologia de la venganza,gold,ominous,es-MX-DaliaNeural,11.4,5
2026-07-20 08:15,FALLO,,Atrapan sin hablar,como las personas atractivas manipulan sin hablar,electric_blue,ethereal,es-AR-TomasNeural,9.7,5
2026-07-20 09:02,FALLO,,El ghosting no es lo que crees,la psicologia de la primera impresion,violet,ethereal,es-MX-DaliaNeural,11.3,5
2026-07-20 10:23,FALLO,,Tu cerebro te esta mintiendo ahora,como las personas atractivas manipulan sin hablar,violet,ominous,es-ES-XimenaNeural,11.1,5
2026-07-20 11:15,FALLO,,Por que dejas todo,por que siempre dejas todo para despues,violet,tense,es-AR-TomasNeural,10.8,5
2026-07-20 11:35,FALLO,,Te manipulan asi,como los manipuladores consiguen tu confianza,blood_red,ominous,es-ES-AlvaroNeural,10.2,5
2026-07-20 12:10,FALLO,,Tu cerebro te esta mintiendo ahora,como la falsa confianza engana a todos,blood_red,ominous,es-MX-DaliaNeural,11.1,5
2026-07-20 13:16,FALLO,,Ser misterioso,por que ser misterioso hace que los demas piensen mas en ti,electric_blue,tense,es-AR-TomasNeural,10.0,5
2026-07-20 13:44,FALLO,,Alguien te controla sin que lo notes,la psicologia de pensar demasiado por la noche,blood_red,tense,es-ES-AlvaroNeural,11.3,5
2026-07-20 14:15,FALLO,,Amistades falsas,la psicologia de las amistades falsas,toxic_green,ominous,es-AR-TomasNeural,10.1,5
2026-07-20 15:16,FALLO,,Dejarte en visto,la psicologia de dejarte en visto,blood_red,ominous,es-ES-XimenaNeural,10.4,5
2026-07-20 15:47,FALLO,,Tu cerebro te esta mintiendo ahora,como la gente te juzga sin que te des cuenta,violet,tense,es-ES-AlvaroNeural,11.1,5
2026-07-20 16:16,FALLO,,Perdes confianza cerca de ellos,por que tu confianza desaparece cerca de algunas personas,blood_red,ominous,es-MX-JorgeNeural,10.4,5
2026-07-20 16:48,FALLO,,Tu cerebro te esta mintiendo ahora,por que tu cerebro se obsesiona con las relaciones imposibles,toxic_green,ethereal,es-ES-AlvaroNeural,11.1,5
2026-07-20 17:12,FALLO,,Tu cerebro te esta mintiendo ahora,la psicologia oscura del coqueteo,electric_blue,tense,es-MX-DaliaNeural,11.1,5
2026-07-20 18:23,FALLO,,El ghosting no es lo que crees,como tu cerebro se vuelve adicto a la aprobacion de los demas,gold,tense,es-MX-DaliaNeural,11.3,5
2026-07-20 19:08,FALLO,,Por que te ghostean,la psicologia detras del ghosting,toxic_green,ominous,es-MX-DaliaNeural,10.8,5
2026-07-20 19:46,FALLO,,Adicto al scroll,como tu cerebro se vuelve adicto al scroll infinito,blood_red,tense,es-MX-DaliaNeural,9.8,5
2026-07-20 20:23,FALLO,,Alguien te controla sin que lo notes,la psicologia oscura del coqueteo,gold,tense,es-AR-TomasNeural,11.3,5
2026-07-20 20:45,FALLO,,Tu cerebro te esta mintiendo ahora,por que alguien ignora tus mensajes a proposito,toxic_green,ethereal,es-MX-JorgeNeural,11.1,5
2026-07-20 21:00,FALLO,,Ghosting te duele,la psicologia detras del ghosting,toxic_green,ethereal,es-ES-XimenaNeural,10.4,5
2026-07-20 21:23,FALLO,,Tu cerebro te esta mintiendo ahora,por que tu crush actua de forma tan confusa,blood_red,ethereal,es-ES-XimenaNeural,11.1,5
2026-07-20 22:15,FALLO,,Adicto a ti,por que tu cerebro se vuelve adicto a las personas toxicas,blood_red,tense,es-MX-DaliaNeural,11.4,5
2026-07-20 23:03,FALLO,,Alguien te controla sin que lo notes,por que siempre dejas todo para despues,toxic_green,ethereal,es-AR-TomasNeural,11.3,5
2026-07-20 23:52,FALLO,,Tu cerebro te esta mintiendo ahora,la psicologia de la adiccion a la dopamina,blood_red,ominous,es-MX-DaliaNeural,11.1,5
2026-07-21 00:16,FALLO,,La primera impresion,la psicologia de la primera impresion,gold,ethereal,es-ES-XimenaNeural,10.3,5
2026-07-21 01:21,FALLO,,Alguien te controla sin que lo notes,la psicologia de la popularidad,toxic_green,tense,es-ES-XimenaNeural,11.3,5
2026-07-21 02:23,FALLO,,Alguien te controla sin que lo notes,como los influencers manipulan tu atencion,gold,ominous,es-MX-DaliaNeural,11.4,5
2026-07-21 03:15,FALLO,,Tu cerebro sabotea,por que tu cerebro sabotea tus propios objetivos,violet,ethereal,es-MX-JorgeNeural,10.5,5
2026-07-21 03:49,FALLO,,Por que no te dejan ir,por que las relaciones toxicas son tan dificiles de dejar,electric_blue,ethereal,es-MX-JorgeNeural,9.8,5
2026-07-21 04:23,FALLO,,Tu cerebro te esta mintiendo ahora,como el contacto visual cambia lo que los demas piensan de ti,electric_blue,tense,es-MX-JorgeNeural,11.1,5
2026-07-21 04:54,FALLO,,Manipulados sin palabras,como las personas atractivas manipulan sin hablar,electric_blue,ethereal,es-MX-JorgeNeural,11.3,5
2026-07-21 05:24,FALLO,,Tu cerebro te esta mintiendo ahora,la psicologia del autosabotaje en jovenes,violet,ethereal,es-MX-DaliaNeural,11.1,5
2026-07-21 06:15,FALLO,,Por que te ghostean,la psicologia detras del ghosting,gold,ominous,es-AR-TomasNeural,10.8,5
2026-07-21 06:54,FALLO,,Tu cerebro te esta mintiendo ahora,la psicologia del autosabotaje en jovenes,toxic_green,tense,es-MX-DaliaNeural,11.1,5
2026-07-21 07:16,FALLO,,Silencio manipulador,como el silencio puede ser una forma de manipulacion,toxic_green,ominous,es-ES-XimenaNeural,10.2,5
2026-07-21 08:08,FALLO,,Tu cerebro te esta mintiendo ahora,por que tu ex vuelve cuando ya lo habias superado,toxic_green,tense,es-MX-DaliaNeural,11.1,5
2026-07-21 09:23,FALLO,,El ghosting no es lo que crees,por que ser misterioso hace que los demas piensen mas en ti,violet,tense,es-ES-AlvaroNeural,11.2,5
2026-07-21 09:43,FALLO,,Silencio que duele,como el silencio puede ser una forma de manipulacion,violet,ominous,es-ES-AlvaroNeural,10.5,5
2026-07-21 10:23,FALLO,,Tu cerebro te esta mintiendo ahora,por que algunas personas fingen que no les importas,violet,ethereal,es-AR-TomasNeural,10.9,5
2026-07-21 10:51,FALLO,,Ansiedad social,la psicologia de la ansiedad social,blood_red,ethereal,es-ES-XimenaNeural,10.2,5
2026-07-21 12:03,FALLO,,Adicto al scroll,como tu cerebro se vuelve adicto al scroll infinito,electric_blue,ethereal,es-ES-XimenaNeural,11.3,5
2026-07-21 13:04,FALLO,,Por que te obsesionan relaciones imposibles,por que tu cerebro se obsesiona con las relaciones imposibles,gold,ominous,es-ES-XimenaNeural,11.3,5
2026-07-21 14:13,FALLO,,Narcisistas te hacen culpable,como los narcisistas hacen que te sientas culpable,violet,ethereal,es-AR-TomasNeural,11.4,5
2026-07-21 15:15,FALLO,,Por que pierdes confianza,por que tu confianza desaparece cerca de algunas personas,electric_blue,ethereal,es-ES-XimenaNeural,11.4,5
2026-07-21 15:43,FALLO,,El ghosting no es lo que crees,por que algunas personas fingen que no les importas,gold,tense,es-MX-JorgeNeural,11.2,5
2026-07-21 16:11,FALLO,,El ghosting no es lo que crees,por que ser misterioso hace que los demas piensen mas en ti,toxic_green,ominous,es-MX-DaliaNeural,11.3,5
2026-07-21 17:14,FALLO,,El ghosting no es lo que crees,como tu cerebro se vuelve adicto a la aprobacion de los demas,violet,tense,es-MX-DaliaNeural,11.3,5
2026-07-21 17:52,FALLO,,El ghosting no es lo que crees,por que tu ex vuelve cuando ya lo habias superado,toxic_green,ethereal,es-ES-AlvaroNeural,11.2,5
2026-07-21 18:23,FALLO,,Alguien te controla sin que lo notes,como los manipuladores consiguen tu confianza,electric_blue,ominous,es-ES-AlvaroNeural,11.3,5
2026-07-21 19:01,FALLO,,Adicto a la aprobacion,como tu cerebro se vuelve adicto a la aprobacion de los demas,toxic_green,ominous,es-AR-TomasNeural,11.3,5
2026-07-21 19:50,FALLO,,El Poder del Contacto Visual,como el contacto visual cambia lo que los demas piensan de ti,blood_red,tense,es-AR-TomasNeural,10.5,5
2026-07-21 20:23,FALLO,,Alguien te controla sin que lo notes,por que el rechazo duele tanto,electric_blue,ominous,es-AR-TomasNeural,11.3,5
2026-07-21 20:55,FALLO,,Por que no te dejan ir,por que las relaciones toxicas son tan dificiles de dejar,blood_red,tense,es-MX-JorgeNeural,11.1,5
2026-07-21 21:23,FALLO,,Alguien te controla sin que lo notes,por que las relaciones toxicas son tan dificiles de dejar,toxic_green,tense,es-MX-JorgeNeural,11.3,5
2026-07-21 22:16,FALLO,,Por que te obsesionas,por que algunas personas se obsesionan cuando las rechazan,toxic_green,ethereal,es-ES-AlvaroNeural,10.4,5
2026-07-21 22:46,FALLO,,El ghosting no es lo que crees,la psicologia de la dependencia emocional,toxic_green,tense,es-ES-AlvaroNeural,11.2,5
2026-07-21 23:15,FALLO,,Tu cerebro teme el silencio,por que tu cerebro teme tanto ser ignorado,electric_blue,ominous,es-MX-JorgeNeural,10.9,5
2026-07-22 00:01,FALLO,,El ghosting no es lo que crees,por que tu cerebro recuerda momentos vergonzosos durante anos,toxic_green,ominous,es-MX-JorgeNeural,11.2,5
2026-07-22 00:40,FALLO,,El ghosting no es lo que crees,por que tu crush actua de forma tan confusa,violet,ominous,es-MX-JorgeNeural,11.2,5
2026-07-22 01:23,FALLO,,El ghosting no es lo que crees,la psicologia detras del ghosting,electric_blue,ominous,es-MX-DaliaNeural,11.3,5
2026-07-22 02:15,FALLO,,Por que confias demasiado rapido,por que las personas solitarias confian demasiado rapido,toxic_green,ethereal,es-MX-DaliaNeural,11.4,5
2026-07-22 03:15,FALLO,,Compararte con otros,por que compararte con otros en redes te hace sentir menos,violet,ominous,es-AR-TomasNeural,9.9,5
2026-07-22 04:09,FALLO,,Controlan tus emociones,como otras personas pueden controlar tus emociones,toxic_green,ominous,es-ES-AlvaroNeural,11.0,5
2026-07-22 04:55,FALLO,,Alguien te controla sin que lo notes,por que no puedes dejar de pensar en una persona,blood_red,ominous,es-AR-TomasNeural,11.3,5
2026-07-22 05:15,FALLO,,Dejarte en visto,la psicologia de dejarte en visto,electric_blue,tense,es-ES-AlvaroNeural,10.3,5
2026-07-22 06:15,FALLO,,Control total,por que algunas personas siempre parecen tener el control,gold,ethereal,es-ES-XimenaNeural,10.3,5
2026-07-22 07:16,FALLO,,Crush confuso,por que tu crush actua de forma tan confusa,toxic_green,ethereal,es-MX-DaliaNeural,11.4,5
2026-07-22 08:01,FALLO,,Tu cerebro te esta mintiendo ahora,la psicologia de la adiccion a la dopamina,toxic_green,ominous,es-MX-DaliaNeural,11.1,5
2026-07-22 09:24,FALLO,,Alguien te controla sin que lo notes,por que siempre dejas todo para despues,gold,ominous,es-ES-AlvaroNeural,11.3,5
2026-07-22 09:58,FALLO,,"Tratan bien, mal",por que algunos te tratan bien en publico y mal en privado,gold,ominous,es-AR-TomasNeural,10.0,5
2026-07-22 10:24,FALLO,,El ghosting no es lo que crees,por que tu ex vuelve cuando ya lo habias superado,toxic_green,ominous,es-MX-JorgeNeural,11.2,5
2026-07-22 10:43,FALLO,,Te ignora a proposito,por que alguien ignora tus mensajes a proposito,toxic_green,ethereal,es-MX-DaliaNeural,10.2,5
2026-07-22 11:23,FALLO,,Alguien te controla sin que lo notes,por que tu ex vuelve cuando ya lo habias superado,gold,ethereal,es-ES-AlvaroNeural,11.3,5
2026-07-22 12:15,FALLO,,Obsesionadas con ellos,por que tu cerebro se obsesiona con las relaciones imposibles,electric_blue,tense,es-ES-AlvaroNeural,11.2,5
2026-07-22 13:00,FALLO,,La venganza en tu mente,la psicologia de la venganza,violet,ominous,es-ES-XimenaNeural,11.4,5
2026-07-22 13:23,FALLO,,Alguien te controla sin que lo notes,por que las personas solitarias confian demasiado rapido,blood_red,ethereal,es-MX-DaliaNeural,11.4,5
2026-07-22 14:16,FALLO,,Narcisistas te hacen culpable,como los narcisistas hacen que te sientas culpable,gold,ominous,es-AR-TomasNeural,10.4,5
2026-07-22 14:53,FALLO,,El ghosting no es lo que crees,como tu cerebro inventa conversaciones que nunca ocurrieron,violet,tense,es-ES-XimenaNeural,11.3,5
2026-07-22 15:16,FALLO,,Dejarte en visto,la psicologia de dejarte en visto,toxic_green,ominous,es-ES-XimenaNeural,10.8,5
2026-07-22 16:20,FALLO,,La venganza en tu mente,la psicologia de la venganza,blood_red,tense,es-MX-DaliaNeural,10.9,5
2026-07-22 17:16,FALLO,,El ghosting no es lo que crees,por que las relaciones toxicas son tan dificiles de dejar,violet,ominous,es-MX-JorgeNeural,11.2,5
2026-07-22 18:05,FALLO,,Alguien te controla sin que lo notes,como tu cerebro inventa conversaciones que nunca ocurrieron,gold,tense,es-MX-DaliaNeural,11.4,5
2026-07-22 18:52,FALLO,,Misterio atrae,por que ser misterioso hace que los demas piensen mas en ti,blood_red,ethereal,es-ES-AlvaroNeural,10.9,5
2026-07-22 19:23,FALLO,,Alguien te controla sin que lo notes,por que las personas solitarias confian demasiado rapido,gold,tense,es-AR-TomasNeural,11.3,5
2026-07-22 19:43,FALLO,,La popularidad te controla,la psicologia de la popularidad,violet,ethereal,es-MX-JorgeNeural,10.8,5
2026-07-22 20:24,FALLO,,El ghosting no es lo que crees,por que tu mente se cree sus propias mentiras,electric_blue,ominous,es-ES-AlvaroNeural,11.2,5
2026-07-22 20:50,FALLO,,Adicto a toxicos,por que tu cerebro se vuelve adicto a las personas toxicas,gold,ethereal,es-ES-XimenaNeural,11.3,5
2026-07-22 21:23,FALLO,,El ghosting no es lo que crees,por que tu cerebro se obsesiona con las relaciones imposibles,electric_blue,tense,es-MX-JorgeNeural,11.2,5
2026-07-22 22:15,FALLO,,Por que te ghostean,la psicologia detras del ghosting,blood_red,tense,es-AR-TomasNeural,11.2,5
2026-07-22 22:53,FALLO,,Tu cerebro te esta mintiendo ahora,como funciona realmente la manipulacion emocional,electric_blue,ominous,es-AR-TomasNeural,10.9,5
2026-07-22 23:15,FALLO,,Por que no puedes dejarlo,por que las relaciones toxicas son tan dificiles de dejar,blood_red,ethereal,es-ES-AlvaroNeural,10.8,5
2026-07-23 00:15,FALLO,,Por que no olvidas,por que no puedes olvidar a ciertas personas,toxic_green,ethereal,es-AR-TomasNeural,10.6,5
2026-07-23 01:20,FALLO,,El ghosting no es lo que crees,como las redes sociales reprograman tu cerebro,blood_red,tense,es-MX-JorgeNeural,11.2,5
2026-07-23 02:23,FALLO,,El ghosting no es lo que crees,como el contacto visual cambia lo que los demas piensan de ti,toxic_green,tense,es-AR-TomasNeural,11.2,5
2026-07-23 03:15,FALLO,,Tu cerebro hace esto cada noche,la psicologia de pensar demasiado por la noche,gold,tense,es-MX-DaliaNeural,10.8,5
2026-07-23 04:15,FALLO,,Coqueteo oscuro,la psicologia oscura del coqueteo,blood_red,tense,es-ES-AlvaroNeural,11.4,5
2026-07-23 04:59,FALLO,,Manipuladores te enganan,como los manipuladores consiguen tu confianza,gold,ominous,es-MX-JorgeNeural,10.9,5
2026-07-23 05:24,FALLO,,Alguien te controla sin que lo notes,por que el rechazo duele tanto,blood_red,ominous,es-ES-XimenaNeural,11.3,5
2026-07-23 06:15,FALLO,,Pensar demasiado,por que pensar demasiado destruye tu confianza,gold,ominous,es-MX-DaliaNeural,11.0,5
2026-07-23 06:55,FALLO,,El ghosting no es lo que crees,por que ser misterioso hace que los demas piensen mas en ti,toxic_green,ominous,es-MX-JorgeNeural,11.2,5
2026-07-23 07:16,FALLO,,Miedo a perderte algo,la psicologia del miedo a perderte algo,blood_red,ominous,es-AR-TomasNeural,11.2,5
2026-07-23 08:17,FALLO,,El ghosting no es lo que crees,la psicologia de la zona de amistad,toxic_green,ethereal,es-ES-XimenaNeural,11.3,5
2026-07-23 09:23,FALLO,,El ghosting no es lo que crees,por que las relaciones toxicas son tan dificiles de dejar,violet,ominous,es-ES-AlvaroNeural,11.2,5
2026-07-23 09:41,FALLO,,Narcisistas y culpa,como los narcisistas hacen que te sientas culpable,blood_red,tense,es-ES-XimenaNeural,10.5,5
2026-07-23 10:24,FALLO,,Tu cerebro te esta mintiendo ahora,por que tu cerebro se obsesiona con las relaciones imposibles,blood_red,tense,es-MX-DaliaNeural,11.1,5
2026-07-23 10:52,FALLO,,El scroll infinito,como tu cerebro se vuelve adicto al scroll infinito,electric_blue,ethereal,es-ES-XimenaNeural,11.4,5
2026-07-23 11:25,FALLO,,Tu cerebro te esta mintiendo ahora,la psicologia de la zona de amistad,violet,tense,es-MX-JorgeNeural,11.1,5
2026-07-23 12:07,FALLO,,Redes sociales reprograman,como las redes sociales reprograman tu cerebro,electric_blue,ominous,es-ES-AlvaroNeural,11.3,5
2026-07-23 13:10,FALLO,,Narcisistas te hacen culpable,como los narcisistas hacen que te sientas culpable,gold,ethereal,es-ES-AlvaroNeural,10.4,5
2026-07-23 14:15,FALLO,,Tu Cerebro Inventa,como tu cerebro inventa conversaciones que nunca ocurrieron,gold,ethereal,es-ES-XimenaNeural,10.5,5
2026-07-23 15:18,FALLO,,Compararte hace daño,por que compararte con otros en redes te hace sentir menos,gold,tense,es-ES-AlvaroNeural,10.3,5
2026-07-23 15:52,FALLO,,Tu cerebro te esta mintiendo ahora,como funciona realmente la manipulacion emocional,violet,tense,es-AR-TomasNeural,10.9,5
2026-07-23 17:00,FALLO,,Alguien te controla sin que lo notes,como las personas atractivas manipulan sin hablar,violet,tense,es-AR-TomasNeural,11.3,5
2026-07-23 17:38,FALLO,,Por que pierdes interes,por que la gente pierde el interes en ti,violet,ominous,es-ES-AlvaroNeural,11.0,5
2026-07-23 18:45,FALLO,,Control total,por que algunas personas siempre parecen tener el control,toxic_green,tense,es-MX-JorgeNeural,10.3,5
2026-07-23 19:32,FALLO,,Tu cerebro te esta mintiendo ahora,como la gente te juzga sin que te des cuenta,electric_blue,tense,es-ES-AlvaroNeural,11.1,5
2026-07-23 20:16,FALLO,,Por que temes ser ignorado,por que tu cerebro teme tanto ser ignorado,violet,ethereal,es-ES-XimenaNeural,11.4,5
2026-07-23 21:02,FALLO,,El ghosting no es lo que crees,como funciona realmente la manipulacion emocional,toxic_green,ominous,es-AR-TomasNeural,11.2,5
2026-07-23 22:15,FALLO,,Te manipulan emocionalmente,como funciona realmente la manipulacion emocional,toxic_green,tense,es-ES-XimenaNeural,10.9,5
2026-07-23 23:01,FALLO,,El ghosting no es lo que crees,la psicologia de la adiccion a la dopamina,electric_blue,ominous,es-AR-TomasNeural,11.2,5
2026-07-23 23:49,FALLO,,El ghosting no es lo que crees,la psicologia de dejarte en visto,blood_red,ethereal,es-MX-JorgeNeural,11.2,5
2026-07-24 00:23,FALLO,,Tu cerebro te esta mintiendo ahora,la psicologia de la dependencia emocional,electric_blue,tense,es-ES-XimenaNeural,11.1,5
2026-07-24 01:16,FALLO,,El ghosting no es lo que crees,como la falsa confianza engana a todos,blood_red,tense,es-ES-XimenaNeural,11.3,5
2026-07-24 02:23,FALLO,,Alguien te controla sin que lo notes,la psicologia de la adiccion a la dopamina,gold,ominous,es-ES-AlvaroNeural,11.3,5
2026-07-24 03:15,FALLO,,Cree conversaciones,como tu cerebro inventa conversaciones que nunca ocurrieron,electric_blue,ethereal,es-ES-AlvaroNeural,11.4,5
2026-07-24 04:15,FALLO,,Manipulados sin palabras,como las personas atractivas manipulan sin hablar,gold,tense,es-MX-DaliaNeural,10.9,5
2026-07-24 04:39,FALLO,,Tu cerebro te esta mintiendo ahora,la psicologia de la adiccion a la dopamina,electric_blue,tense,es-ES-XimenaNeural,11.1,5
2026-07-24 04:57,FALLO,,Controlan tus emociones,como otras personas pueden controlar tus emociones,toxic_green,ethereal,es-ES-XimenaNeural,10.3,5
2026-07-24 05:24,FALLO,,El ghosting no es lo que crees,como las redes sociales reprograman tu cerebro,gold,ethereal,es-ES-XimenaNeural,11.3,5
2026-07-24 06:15,FALLO,,Por que piensas tanto,la psicologia de pensar demasiado por la noche,gold,tense,es-MX-DaliaNeural,11.1,5
2026-07-24 07:16,FALLO,,Confianza que desaparece,por que tu confianza desaparece cerca de algunas personas,violet,ethereal,es-MX-DaliaNeural,11.2,5
2026-07-24 07:56,FALLO,,Tu cerebro te esta mintiendo ahora,como tu cerebro inventa conversaciones que nunca ocurrieron,violet,ethereal,es-MX-JorgeNeural,11.1,5
2026-07-24 08:34,FALLO,,Pensar demasiado,por que pensar demasiado destruye tu confianza,electric_blue,tense,es-AR-TomasNeural,10.6,5
2026-07-24 09:24,FALLO,,Tu cerebro te esta mintiendo ahora,la psicologia de la adiccion a la dopamina,gold,ethereal,es-MX-JorgeNeural,11.1,5
2026-07-24 10:35,FALLO,,Tratan bien y mal,por que algunos te tratan bien en publico y mal en privado,violet,ominous,es-MX-DaliaNeural,10.7,5
2026-07-24 12:36,FALLO,,Amigos toxicos,como los amigos toxicos manipulan sin que lo notes,violet,ominous,es-ES-AlvaroNeural,11.0,5
2026-07-24 13:07,FALLO,,Miedo a perder,la psicologia del miedo a perderte algo,gold,tense,es-AR-TomasNeural,10.6,5
2026-07-24 15:13,FALLO,,Olvidar es imposible,por que no puedes olvidar a ciertas personas,blood_red,ethereal,es-MX-JorgeNeural,10.8,5
2026-07-24 17:04,FALLO,,La manipulacion emocional,como funciona realmente la manipulacion emocional,gold,ominous,es-ES-XimenaNeural,10.8,5
2026-07-24 18:35,FALLO,,Pensar demasiado te destruye,por que pensar demasiado destruye tu confianza,toxic_green,tense,es-ES-XimenaNeural,11.2,5
2026-07-24 19:08,FALLO,,El lenguaje corporal,como el lenguaje corporal revela emociones ocultas,gold,tense,es-AR-TomasNeural,11.2,5
2026-07-24 20:38,FALLO,,Pierdes interés en mi,por que la gente pierde el interes en ti,toxic_green,ethereal,es-AR-TomasNeural,10.4,5
2026-07-24 21:06,FALLO,,Tu cerebro te esta mintiendo ahora,como la falsa confianza engana a todos,violet,ominous,es-MX-JorgeNeural,11.1,5
2026-07-24 22:21,FALLO,,Por que te obsesionas,por que algunas personas se obsesionan cuando las rechazan,electric_blue,ominous,es-MX-DaliaNeural,10.4,5
2026-07-24 22:47,FALLO,,Por que te dejan de interesarme,por que la gente pierde el interes en ti,gold,ethereal,es-ES-AlvaroNeural,10.7,5
2026-07-25 00:22,FALLO,,Amistades Falsas,la psicologia de las amistades falsas,toxic_green,ominous,es-ES-AlvaroNeural,11.3,5
2026-07-25 01:12,FALLO,,La popularidad te atrapa,la psicologia de la popularidad,toxic_green,ominous,es-MX-JorgeNeural,11.0,5
2026-07-25 04:28,FALLO,,Tu movil te controla,como tu movil controla muchas de tus decisiones,violet,tense,es-AR-TomasNeural,11.4,5
2026-07-25 04:51,FALLO,,El lenguaje corporal te delata,como el lenguaje corporal revela emociones ocultas,violet,tense,es-MX-JorgeNeural,11.2,5
2026-07-25 07:34,FALLO,,Por que te atrapan,por que tu cerebro se vuelve adicto a las personas toxicas,electric_blue,ethereal,es-MX-DaliaNeural,10.7,5
2026-07-25 10:06,FALLO,,Contacto visual,como el contacto visual cambia lo que los demas piensan de ti,gold,ominous,es-MX-DaliaNeural,10.2,5
2026-07-25 11:28,FALLO,,Redes sociales reprograman tu cerebro,como las redes sociales reprograman tu cerebro,blood_red,tense,es-AR-TomasNeural,10.5,5
2026-07-25 11:54,FALLO,,Miedo a perderte,la psicologia del miedo a perderte algo,violet,tense,es-MX-DaliaNeural,10.8,5
2026-07-25 13:56,FALLO,,Por que duele el rechazo,por que el rechazo duele tanto,toxic_green,ethereal,es-AR-TomasNeural,11.1,5
2026-07-25 14:22,FALLO,,Compararte duele,por que compararte con otros en redes te hace sentir menos,violet,tense,es-ES-XimenaNeural,11.4,5
2026-07-25 15:20,FALLO,,Porque temes el silencio,por que tu cerebro teme tanto ser ignorado,blood_red,ethereal,es-ES-XimenaNeural,10.3,5
2026-07-25 15:49,FALLO,,Por que piensas demasiado,la psicologia de pensar demasiado por la noche,gold,ethereal,es-ES-AlvaroNeural,11.0,5
2026-07-25 17:16,FALLO,,La falsa confianza,como la falsa confianza engana a todos,electric_blue,tense,es-AR-TomasNeural,10.5,5
2026-07-25 17:50,FALLO,,El ghosting no es lo que crees,por que tu mente se cree sus propias mentiras,toxic_green,tense,es-ES-XimenaNeural,11.3,5
2026-07-25 18:29,FALLO,,Te juzgan sin que notes,como la gente te juzga sin que te des cuenta,electric_blue,ethereal,es-ES-XimenaNeural,10.5,5
2026-07-25 19:26,FALLO,,Por que duele el rechazo,por que el rechazo duele tanto,toxic_green,ethereal,es-AR-TomasNeural,10.2,5
2026-07-25 20:02,FALLO,,Tu cerebro te esta mintiendo ahora,como el silencio puede ser una forma de manipulacion,electric_blue,ethereal,es-MX-DaliaNeural,11.1,5
2026-07-25 21:11,FALLO,,Cuando te saboteas,la psicologia del autosabotaje en jovenes,electric_blue,tense,es-ES-AlvaroNeural,10.0,5
2026-07-25 21:33,FALLO,,Pensar demasiado,por que pensar demasiado destruye tu confianza,violet,ethereal,es-MX-JorgeNeural,11.2,5
2026-07-25 22:22,FALLO,,Tu cerebro te esta mintiendo ahora,como los amigos toxicos manipulan sin que lo notes,electric_blue,ethereal,es-ES-AlvaroNeural,11.1,5
2026-07-25 23:41,FALLO,,Te tratan bien en publico,por que algunos te tratan bien en publico y mal en privado,electric_blue,ominous,es-MX-JorgeNeural,10.3,5
2026-07-26 00:24,FALLO,,Tu cerebro te esta mintiendo ahora,como tu cerebro se vuelve adicto al scroll infinito,blood_red,ethereal,es-ES-AlvaroNeural,11.1,5
2026-07-26 01:19,FALLO,,Cumplidos que manipulan,como la gente te manipula usando cumplidos,electric_blue,ominous,es-ES-AlvaroNeural,10.8,5
2026-07-26 04:43,FALLO,,Inventas conversaciones,como tu cerebro inventa conversaciones que nunca ocurrieron,electric_blue,tense,es-MX-DaliaNeural,11.2,5
2026-07-26 05:05,FALLO,,Ser misterioso,por que ser misterioso hace que los demas piensen mas en ti,toxic_green,ethereal,es-AR-TomasNeural,10.7,5
2026-07-26 07:51,FALLO,,Ignorados a proposito,por que alguien ignora tus mensajes a proposito,blood_red,ethereal,es-MX-JorgeNeural,10.7,5
2026-07-26 08:08,FALLO,,La dependencia emocional,la psicologia de la dependencia emocional,toxic_green,ethereal,es-MX-DaliaNeural,10.4,5
2026-07-26 10:17,FALLO,,Por que te atraen personas toxicas,por que tu cerebro se vuelve adicto a las personas toxicas,blood_red,ominous,es-ES-AlvaroNeural,11.4,5
2026-07-26 11:57,FALLO,,Cuando el cumplido es una trampa,como la gente te manipula usando cumplidos,gold,tense,es-MX-DaliaNeural,11.4,5
2026-07-26 12:19,FALLO,,Cuando otros controlan,como otras personas pueden controlar tus emociones,blood_red,tense,es-MX-JorgeNeural,10.7,5
2026-07-26 14:19,FALLO,,Tu lenguaje corporal,como el lenguaje corporal revela emociones ocultas,blood_red,tense,es-ES-XimenaNeural,11.2,5
2026-07-26 14:54,FALLO,,Por que no puedes dejarlo,por que las relaciones toxicas son tan dificiles de dejar,blood_red,ethereal,es-MX-JorgeNeural,10.3,5
2026-07-26 15:50,FALLO,,Atrapados sin palabras,como las personas atractivas manipulan sin hablar,electric_blue,ominous,es-AR-TomasNeural,10.4,5
2026-07-26 16:18,FALLO,,Por que actua tan confuso,por que tu crush actua de forma tan confusa,violet,tense,es-MX-JorgeNeural,11.4,5
2026-07-26 17:44,FALLO,,La trampa del coqueteo,la psicologia oscura del coqueteo,toxic_green,ominous,es-ES-XimenaNeural,11.4,5
2026-07-26 18:16,FALLO,,Confianza rapida,por que las personas solitarias confian demasiado rapido,blood_red,ethereal,es-ES-AlvaroNeural,10.3,5
2026-07-26 18:47,FALLO,,Ghosting: el dolor silencioso,la psicologia detras del ghosting,electric_blue,ethereal,es-AR-TomasNeural,10.7,5
2026-07-26 20:26,FALLO,,La psicologia de dejarte en visto,la psicologia de dejarte en visto,gold,ominous,es-ES-AlvaroNeural,10.7,5
2026-07-26 20:43,FALLO,,Detecta el uso emocional,como detectar cuando alguien te usa emocionalmente,electric_blue,ethereal,es-ES-XimenaNeural,11.4,5
2026-07-26 21:40,FALLO,,Por que te obsesionan,por que tu cerebro se obsesiona con las relaciones imposibles,blood_red,ominous,es-MX-DaliaNeural,10.7,5
2026-07-26 22:24,FALLO,,Alguien te controla sin que lo notes,por que tu confianza desaparece cerca de algunas personas,toxic_green,ominous,es-MX-DaliaNeural,11.4,5
2026-07-26 22:46,FALLO,,Te tratan bien en publico,por que algunos te tratan bien en publico y mal en privado,violet,tense,es-ES-XimenaNeural,11.0,5
2026-07-26 23:49,FALLO,,El ghosting no es lo que crees,por que tu cerebro recuerda momentos vergonzosos durante anos,electric_blue,tense,es-ES-XimenaNeural,11.3,5
2026-07-27 00:18,FALLO,,La psicologia oscura del coqueteo,la psicologia oscura del coqueteo,blood_red,tense,es-ES-AlvaroNeural,11.4,5
2026-07-27 01:20,FALLO,,Autosabotaje en jovenes,la psicologia del autosabotaje en jovenes,blood_red,ethereal,es-ES-XimenaNeural,10.1,5
2026-07-27 04:53,FALLO,,Mentiras de tu mente,por que tu mente se cree sus propias mentiras,blood_red,ominous,es-AR-TomasNeural,11.1,5
2026-07-27 05:16,FALLO,,Mentiras de tu mente,por que tu mente se cree sus propias mentiras,gold,ethereal,es-MX-JorgeNeural,11.0,5
2026-07-27 08:47,FALLO,,Tu ex vuelve,por que tu ex vuelve cuando ya lo habias superado,blood_red,tense,es-MX-DaliaNeural,11.4,5
2026-07-27 09:05,FALLO,,Ansiedad social,la psicologia de la ansiedad social,violet,ethereal,es-ES-XimenaNeural,11.3,5
2026-07-27 12:41,FALLO,,Tu lenguaje corporal,como el lenguaje corporal revela emociones ocultas,blood_red,ethereal,es-ES-AlvaroNeural,11.2,5
2026-07-27 15:59,FALLO,,Tu cerebro a las 3 AM,la psicologia de pensar demasiado por la noche,gold,ethereal,es-ES-AlvaroNeural,11.2,5
2026-07-27 17:59,FALLO,,Atrapan sin hablar,como las personas atractivas manipulan sin hablar,violet,ominous,es-AR-TomasNeural,10.2,5
2026-07-27 19:53,FALLO,,Pensar demasiado,por que pensar demasiado destruye tu confianza,violet,ominous,es-ES-AlvaroNeural,10.3,5
2026-07-27 20:15,FALLO,,La amabilidad que duele,como la manipulacion se esconde detras de la amabilidad,gold,ominous,es-AR-TomasNeural,11.1,5
2026-07-27 21:28,FALLO,,Por que no te olvido,por que no puedes dejar de pensar en una persona,violet,ominous,es-MX-JorgeNeural,11.0,5
2026-07-27 21:50,FALLO,,La psicologia oscura del coqueteo,la psicologia oscura del coqueteo,blood_red,tense,es-MX-DaliaNeural,11.3,5
2026-07-27 23:20,FALLO,,La popularidad te cambia,la psicologia de la popularidad,blood_red,ominous,es-MX-DaliaNeural,11.4,5
2026-07-27 23:46,FALLO,,Tratan bien en publico,por que algunos te tratan bien en publico y mal en privado,blood_red,ominous,es-MX-JorgeNeural,10.4,5
2026-07-28 03:00,FALLO,,Por que no te dejan ir,por que las relaciones toxicas son tan dificiles de dejar,violet,ethereal,es-MX-DaliaNeural,11.4,5
2026-07-28 03:58,FALLO,,La zona de amistad,la psicologia de la zona de amistad,toxic_green,tense,es-MX-DaliaNeural,11.1,5
2026-07-28 06:04,FALLO,,Por que te ignoro,por que alguien ignora tus mensajes a proposito,gold,tense,es-ES-XimenaNeural,10.8,5
2026-07-28 07:21,FALLO,,Pensar demasiado te destruye,por que pensar demasiado destruye tu confianza,violet,ethereal,es-MX-JorgeNeural,11.1,5
2026-07-28 08:53,FALLO,,La zona de amistad,la psicologia de la zona de amistad,electric_blue,ominous,es-ES-AlvaroNeural,11.3,5
2026-07-28 10:17,FALLO,,Miedo a perderte algo,la psicologia del miedo a perderte algo,toxic_green,ethereal,es-ES-AlvaroNeural,11.1,5
2026-07-28 11:35,FALLO,,La psicologia oscura,la psicologia oscura del coqueteo,electric_blue,ethereal,es-ES-AlvaroNeural,11.1,5
2026-07-28 12:32,FALLO,,El silencio que manipula,como el silencio puede ser una forma de manipulacion,blood_red,tense,es-MX-DaliaNeural,10.4,5
2026-07-28 14:29,FALLO,,Te juzgan sin que notes,como la gente te juzga sin que te des cuenta,toxic_green,tense,es-ES-XimenaNeural,10.7,5
2026-07-28 15:11,FALLO,,La autosabotaje silenciosa,la psicologia del autosabotaje en jovenes,gold,ominous,es-MX-JorgeNeural,11.2,5
2026-07-28 16:56,FALLO,,Pierdes confianza cerca de ellos,por que tu confianza desaparece cerca de algunas personas,gold,ominous,es-MX-JorgeNeural,11.2,5
2026-07-28 18:31,FALLO,,La oscura psicologia del coqueteo,la psicologia oscura del coqueteo,electric_blue,tense,es-MX-JorgeNeural,11.4,5
2026-07-28 19:06,FALLO,,Misterio atrae,por que ser misterioso hace que los demas piensen mas en ti,violet,tense,es-MX-DaliaNeural,10.1,5
2026-07-28 20:32,FALLO,,Fingen no importar,por que algunas personas fingen que no les importas,electric_blue,ominous,es-MX-JorgeNeural,10.9,5
2026-07-28 20:54,FALLO,,Ignorados a propósito,por que alguien ignora tus mensajes a proposito,toxic_green,ominous,es-MX-DaliaNeural,10.5,5
2026-07-28 22:21,FALLO,,Control total,por que algunas personas siempre parecen tener el control,gold,tense,es-MX-DaliaNeural,11.4,5
2026-07-28 22:45,FALLO,,Tu cerebro teme ser ignorado,por que tu cerebro teme tanto ser ignorado,toxic_green,ominous,es-AR-TomasNeural,11.4,5
2026-07-29 00:15,FALLO,,Culpable sin culpa,como los narcisistas hacen que te sientas culpable,violet,ethereal,es-ES-XimenaNeural,10.6,5
2026-07-29 03:44,FALLO,,Dejas todo para despues,por que siempre dejas todo para despues,electric_blue,ominous,es-AR-TomasNeural,11.2,5
2026-07-29 04:02,FALLO,,El misterio atrapa,por que ser misterioso hace que los demas piensen mas en ti,electric_blue,ominous,es-ES-AlvaroNeural,11.4,5
2026-07-29 06:48,FALLO,,Ghosting: por que desaparecen,la psicologia detras del ghosting,blood_red,ethereal,es-ES-XimenaNeural,11.4,5
2026-07-29 07:26,FALLO,,La manipulacion emocional,como funciona realmente la manipulacion emocional,violet,ethereal,es-AR-TomasNeural,11.4,5
2026-07-29 09:55,FALLO,,Falsa confianza,como la falsa confianza engana a todos,toxic_green,ethereal,es-AR-TomasNeural,10.6,5
2026-07-29 10:17,FALLO,,Por que pierdes su interes,por que la gente pierde el interes en ti,blood_red,tense,es-MX-JorgeNeural,11.0,5
2026-07-29 12:17,FALLO,,Caidas en la manipulacion,como los manipuladores consiguen tu confianza,gold,ominous,es-ES-AlvaroNeural,11.2,5
2026-07-29 12:42,FALLO,,Por que actua de forma tan confusa,por que tu crush actua de forma tan confusa,violet,ominous,es-AR-TomasNeural,11.3,5
2026-07-29 14:53,FALLO,,Falsa confianza,como la falsa confianza engana a todos,gold,tense,es-AR-TomasNeural,11.1,5
2026-07-29 15:24,FALLO,,Mentiras de tu mente,por que tu mente se cree sus propias mentiras,blood_red,tense,es-MX-JorgeNeural,11.0,5
2026-07-29 17:00,FALLO,,La zona de amistad,la psicologia de la zona de amistad,gold,ethereal,es-MX-JorgeNeural,11.0,5
2026-07-29 17:33,FALLO,,Celos que matan,la psicologia de los celos,electric_blue,ominous,es-ES-XimenaNeural,11.0,5
2026-07-29 18:44,FALLO,,La noche te consume,la psicologia de pensar demasiado por la noche,blood_red,tense,es-MX-DaliaNeural,10.5,5
2026-07-29 19:35,FALLO,,Juzgado sin saber,como la gente te juzga sin que te des cuenta,violet,tense,es-ES-AlvaroNeural,10.7,5
2026-07-29 20:08,FALLO,,La confianza te intimidara,por que la confianza intimida a las personas inseguras,violet,ominous,es-ES-XimenaNeural,11.3,5
2026-07-29 21:13,FALLO,,Pierdes confianza cerca de ellos,por que tu confianza desaparece cerca de algunas personas,blood_red,tense,es-AR-TomasNeural,11.3,5
2026-07-29 21:38,FALLO,,Narcisistas te hacen culpable,como los narcisistas hacen que te sientas culpable,violet,ominous,es-ES-XimenaNeural,10.6,5
2026-07-29 22:22,FALLO,,Te ignora a proposito,por que alguien ignora tus mensajes a proposito,blood_red,ethereal,es-MX-JorgeNeural,10.5,5
2026-07-29 22:41,FALLO,,La psicologia oscura del coqueteo,la psicologia oscura del coqueteo,violet,ominous,es-MX-JorgeNeural,11.4,5
2026-07-29 23:43,FALLO,,Manipulacion emocional,como funciona realmente la manipulacion emocional,toxic_green,ethereal,es-MX-JorgeNeural,10.6,5
2026-07-30 00:18,FALLO,,La venganza en tu cabeza,la psicologia de la venganza,violet,tense,es-ES-AlvaroNeural,11.4,5
2026-07-30 01:09,FALLO,,Amigos toxicos,como los amigos toxicos manipulan sin que lo notes,gold,ominous,es-MX-DaliaNeural,10.3,5
2026-07-30 04:22,FALLO,,Enganchado al scroll,como tu cerebro se vuelve adicto al scroll infinito,blood_red,ominous,es-MX-DaliaNeural,11.3,5
2026-07-30 04:41,FALLO,,Por que confias demasiado rapido,por que las personas solitarias confian demasiado rapido,electric_blue,ethereal,es-ES-XimenaNeural,11.4,5
2026-07-30 07:22,FALLO,,La psicologia de la popularidad,la psicologia de la popularidad,electric_blue,ethereal,es-AR-TomasNeural,11.0,5
2026-07-30 07:50,FALLO,,Ignorados a proposito,por que alguien ignora tus mensajes a proposito,electric_blue,ethereal,es-MX-JorgeNeural,10.5,5
2026-07-30 10:10,FALLO,,Controlan tus emociones,como otras personas pueden controlar tus emociones,blood_red,ominous,es-ES-AlvaroNeural,10.7,5
2026-07-30 10:42,FALLO,,La primera impresion es todo,la psicologia de la primera impresion,electric_blue,tense,es-AR-TomasNeural,10.6,5
2026-07-30 12:24,FALLO,,El silencio te controla,como el silencio puede ser una forma de manipulacion,gold,ominous,es-ES-XimenaNeural,10.6,5
2026-07-30 13:01,FALLO,,Te autosaboteas sin darte cuenta,la psicologia del autosabotaje en jovenes,gold,ominous,es-ES-AlvaroNeural,11.1,5
2026-07-30 14:53,FALLO,,Te manipulan con halagos,como la gente te manipula usando cumplidos,electric_blue,ominous,es-AR-TomasNeural,10.2,5
2026-07-30 15:27,FALLO,,Confianza intimida,por que la confianza intimida a las personas inseguras,toxic_green,ominous,es-ES-XimenaNeural,10.7,5
2026-07-30 17:11,FALLO,,Por que te obsesionan,por que tu cerebro se obsesiona con las relaciones imposibles,electric_blue,ominous,es-MX-JorgeNeural,10.2,5
2026-07-30 17:52,FALLO,,Por que temes el silencio,por que tu cerebro teme tanto ser ignorado,blood_red,tense,es-MX-JorgeNeural,10.5,5
2026-07-30 19:07,FALLO,,Tratan bien en publico,por que algunos te tratan bien en publico y mal en privado,gold,ominous,es-AR-TomasNeural,10.1,5
2026-07-30 19:51,FALLO,,Aprobacion toxica,como tu cerebro se vuelve adicto a la aprobacion de los demas,toxic_green,ethereal,es-ES-XimenaNeural,10.7,5
2026-07-30 21:28,FALLO,,Adicto al scroll,como tu cerebro se vuelve adicto al scroll infinito,blood_red,ominous,es-ES-XimenaNeural,11.1,5
2026-07-30 22:47,FALLO,,Cuentas con tus emociones,como otras personas pueden controlar tus emociones,electric_blue,ominous,es-ES-AlvaroNeural,10.8,5
2026-07-30 23:25,FALLO,,Adicto a la toxicidad,por que tu cerebro se vuelve adicto a las personas toxicas,blood_red,ominous,es-MX-DaliaNeural,11.4,5
2026-07-31 01:14,FALLO,,Te juzgan sin que notes,como la gente te juzga sin que te des cuenta,violet,ethereal,es-MX-JorgeNeural,10.2,5
2026-07-31 03:32,FALLO,,Como te manipulan,como la gente te manipula usando cumplidos,gold,ominous,es-MX-DaliaNeural,11.0,5
2026-07-31 05:05,FALLO,,Fingen no importar,por que algunas personas fingen que no les importas,electric_blue,ominous,es-MX-DaliaNeural,10.7,5
2026-07-31 07:02,FALLO,,Tratan bien en publico,por que algunos te tratan bien en publico y mal en privado,gold,ethereal,es-ES-AlvaroNeural,10.3,5
2026-07-31 08:29,FALLO,,Por que te obsesionas,por que algunas personas se obsesionan cuando las rechazan,blood_red,ethereal,es-ES-XimenaNeural,10.5,5
2026-07-31 10:02,FALLO,,Te juzgan sin que lo notes,como la gente te juzga sin que te des cuenta,toxic_green,tense,es-ES-XimenaNeural,11.0,5
2026-07-31 11:17,FALLO,,Redes sociales te cambian,como las redes sociales reprograman tu cerebro,violet,ethereal,es-ES-XimenaNeural,10.8,5
2026-07-31 12:17,FALLO,,La psicologia de la popularidad,la psicologia de la popularidad,violet,ethereal,es-AR-TomasNeural,10.1,5
2026-07-31 13:26,FALLO,,Adicto al scroll infinito,como tu cerebro se vuelve adicto al scroll infinito,gold,ethereal,es-ES-XimenaNeural,11.1,5
2026-07-31 15:36,FALLO,,Contacto visual,como el contacto visual cambia lo que los demas piensan de ti,blood_red,ethereal,es-MX-DaliaNeural,10.6,5
2026-07-31 17:56,FALLO,,Cuando te usan emocional,como detectar cuando alguien te usa emocionalmente,toxic_green,ethereal,es-MX-DaliaNeural,10.9,5
2026-07-31 18:13,FALLO,,Adicto a la aprobacion,como tu cerebro se vuelve adicto a la aprobacion de los demas,toxic_green,ominous,es-MX-DaliaNeural,11.0,5
2026-07-31 19:54,FALLO,,Ignorado a propósito,por que alguien ignora tus mensajes a proposito,violet,ominous,es-MX-DaliaNeural,10.9,5
2026-07-31 20:13,FALLO,,Dejas todo para despues,por que siempre dejas todo para despues,gold,ominous,es-MX-DaliaNeural,10.2,5
2026-07-31 21:27,FALLO,,Mentiras de tu mente,por que tu mente se cree sus propias mentiras,blood_red,ominous,es-ES-AlvaroNeural,11.4,5
2026-07-31 21:49,FALLO,,Como manipulan tu confianza,como los manipuladores consiguen tu confianza,electric_blue,ominous,es-MX-DaliaNeural,11.2,5
2026-07-31 23:18,FALLO,,Tu cerebro inventa,como tu cerebro inventa conversaciones que nunca ocurrieron,blood_red,ominous,es-ES-XimenaNeural,10.7,5
2026-07-31 23:43,FALLO,,La psicologia oscura del coqueteo,la psicologia oscura del coqueteo,violet,ominous,es-AR-TomasNeural,10.8,5
2026-08-01 01:16,FALLO,,Autosabotaje en ti,la psicologia del autosabotaje en jovenes,blood_red,ethereal,es-ES-AlvaroNeural,10.9,5
2026-08-01 03:31,FALLO,,Fingen no importar,por que algunas personas fingen que no les importas,violet,ominous,es-AR-TomasNeural,10.5,5
2026-08-01 05:01,FALLO,,Controlan tus emociones,como otras personas pueden controlar tus emociones,gold,ethereal,es-ES-XimenaNeural,10.9,5
2026-08-01 06:46,FALLO,,Fingen no importar,por que algunas personas fingen que no les importas,violet,ethereal,es-MX-JorgeNeural,10.8,5
2026-08-01 07:54,FALLO,,Intimidados por la confianza,por que la confianza intimida a las personas inseguras,toxic_green,ethereal,es-ES-XimenaNeural,11.4,5
2026-08-01 09:22,FALLO,,La trampa del coqueteo,la psicologia oscura del coqueteo,electric_blue,ethereal,es-ES-XimenaNeural,10.4,5
2026-08-01 10:28,FALLO,,Autosabotaje en jovenes,la psicologia del autosabotaje en jovenes,blood_red,tense,es-MX-JorgeNeural,11.2,5
2026-08-01 11:33,FALLO,,Adicto a personas toxicas,por que tu cerebro se vuelve adicto a las personas toxicas,toxic_green,ominous,es-ES-XimenaNeural,11.4,5
2026-08-01 11:52,FALLO,,Por que te obsesionan,por que algunas personas se obsesionan cuando las rechazan,gold,tense,es-ES-AlvaroNeural,10.7,5
2026-08-01 13:41,FALLO,,Control total,por que algunas personas siempre parecen tener el control,toxic_green,tense,es-MX-DaliaNeural,11.4,5
2026-08-01 14:19,FALLO,,Dejarte en visto,la psicologia de dejarte en visto,gold,ethereal,es-ES-XimenaNeural,10.1,5
2026-08-01 15:17,FALLO,,Engañada por mi confianza,como la falsa confianza engana a todos,gold,ethereal,es-ES-XimenaNeural,10.2,5
2026-08-01 15:48,FALLO,,Influencers te enganan,como los influencers manipulan tu atencion,blood_red,tense,es-ES-XimenaNeural,11.3,5
2026-08-01 17:17,FALLO,,Culpable sin motivo,como los narcisistas hacen que te sientas culpable,gold,tense,es-ES-AlvaroNeural,10.7,5
2026-08-01 17:43,FALLO,,Por que te dejan de querer,por que la gente pierde el interes en ti,gold,tense,es-MX-DaliaNeural,11.2,5
2026-08-01 18:43,FALLO,,Falsa confianza,como la falsa confianza engana a todos,gold,ominous,es-ES-AlvaroNeural,11.1,5
2026-08-01 19:27,FALLO,,Celos que consumen,la psicologia de los celos,violet,ominous,es-MX-DaliaNeural,10.8,5
2026-08-01 19:57,FALLO,,Dependencia emocional,la psicologia de la dependencia emocional,violet,ethereal,es-MX-DaliaNeural,10.8,5
2026-08-01 21:11,FALLO,,Por que no olvidas,por que no puedes olvidar a ciertas personas,electric_blue,tense,es-ES-XimenaNeural,10.8,5
2026-08-01 21:29,FALLO,,La venganza te consume,la psicologia de la venganza,gold,tense,es-MX-JorgeNeural,11.2,5
2026-08-01 22:17,FALLO,,Ignorados a proposito,por que alguien ignora tus mensajes a proposito,toxic_green,ethereal,es-AR-TomasNeural,10.5,5
2026-08-01 22:38,FALLO,,La oscura verdad del coqueteo,la psicologia oscura del coqueteo,gold,ethereal,es-ES-XimenaNeural,10.4,5
2026-08-01 23:42,FALLO,,Aprobacion toxica,como tu cerebro se vuelve adicto a la aprobacion de los demas,blood_red,ethereal,es-MX-JorgeNeural,11.2,5
2026-08-02 00:14,FALLO,,Adicto al scroll,como tu cerebro se vuelve adicto al scroll infinito,gold,ominous,es-ES-AlvaroNeural,10.8,5
2026-08-02 01:17,FALLO,,Ansiedad social,la psicologia de la ansiedad social,blood_red,tense,es-ES-AlvaroNeural,11.4,5
2026-08-02 03:58,FALLO,,Por que no puedes olvidarle,por que no puedes dejar de pensar en una persona,blood_red,ethereal,es-AR-TomasNeural,11.2,5
2026-08-02 05:02,FALLO,,Tu movil te controla,como tu movil controla muchas de tus decisiones,violet,ethereal,es-ES-AlvaroNeural,11.2,5
2026-08-02 06:50,FALLO,,Fingen no importarte,por que algunas personas fingen que no les importas,blood_red,ethereal,es-MX-DaliaNeural,10.8,5
2026-08-02 07:57,FALLO,,Cumplidos o manipulacion,como la gente te manipula usando cumplidos,gold,ethereal,es-MX-JorgeNeural,10.3,5
2026-08-02 09:25,FALLO,,Amistades falsas,la psicologia de las amistades falsas,toxic_green,ominous,es-ES-XimenaNeural,11.3,5
2026-08-02 10:26,FALLO,,Tu lenguaje corporal te delata,como el lenguaje corporal revela emociones ocultas,electric_blue,ethereal,es-MX-JorgeNeural,11.4,5
2026-08-02 11:33,FALLO,,Confianza rapida,por que las personas solitarias confian demasiado rapido,electric_blue,tense,es-ES-XimenaNeural,10.3,5
2026-08-02 11:54,FALLO,,Como manipulan tu confianza,como los manipuladores consiguen tu confianza,violet,ethereal,es-ES-AlvaroNeural,10.9,5
2026-08-02 13:44,FALLO,,Control total,por que algunas personas siempre parecen tener el control,blood_red,tense,es-ES-AlvaroNeural,11.4,5
2026-08-02 14:19,FALLO,, Detection de manipulacion,como detectar cuando alguien te usa emocionalmente,gold,ethereal,es-AR-TomasNeural,11.0,5
2026-08-02 15:18,FALLO,,Control total,por que algunas personas siempre parecen tener el control,toxic_green,tense,es-MX-DaliaNeural,11.3,5
2026-08-02 15:48,FALLO,,Aprobacion constante,como tu cerebro se vuelve adicto a la aprobacion de los demas,gold,tense,es-ES-AlvaroNeural,10.2,5
2026-08-02 17:17,FALLO,,Cuando te manipulan,como los manipuladores consiguen tu confianza,toxic_green,ominous,es-ES-XimenaNeural,10.4,5
2026-08-02 17:44,FALLO,,Recuerdos Vergonzosos,por que tu cerebro recuerda momentos vergonzosos durante anos,blood_red,tense,es-MX-DaliaNeural,10.8,5
2026-08-02 18:44,FALLO,,Por que vuelve tu ex,por que tu ex vuelve cuando ya lo habias superado,gold,tense,es-AR-TomasNeural,10.9,5
2026-08-02 19:29,FALLO,,Tu cerebro sabotea,por que tu cerebro sabotea tus propios objetivos,violet,ethereal,es-MX-DaliaNeural,10.5,5
2026-08-02 19:58,FALLO,,Dejarte en visto,la psicologia de dejarte en visto,blood_red,ominous,es-MX-DaliaNeural,10.5,5
2026-08-02 21:13,FALLO,,Fingen no importar,por que algunas personas fingen que no les importas,toxic_green,ethereal,es-MX-JorgeNeural,11.3,5
2026-08-02 21:30,FALLO,,Manipulacion emocional,como funciona realmente la manipulacion emocional,violet,tense,es-AR-TomasNeural,11.4,5
2026-08-02 22:18,FALLO,,Control total,por que algunas personas siempre parecen tener el control,blood_red,ominous,es-MX-JorgeNeural,11.1,5
2026-08-02 22:38,FALLO,,Redes sociales manipulan tu cerebro,como las redes sociales reprograman tu cerebro,gold,ominous,es-MX-DaliaNeural,10.9,5
2026-08-02 23:40,FALLO,,Silencio toxico,como el silencio puede ser una forma de manipulacion,blood_red,tense,es-ES-AlvaroNeural,10.5,5
2026-08-03 00:15,FALLO,,La amabilidad que manipula,como la manipulacion se esconde detras de la amabilidad,electric_blue,ethereal,es-ES-XimenaNeural,11.4,5
2026-08-03 01:18,FALLO,,La Psicologia de la Popularidad,la psicologia de la popularidad,electric_blue,ethereal,es-MX-JorgeNeural,10.1,5
2026-08-03 04:47,FALLO,,Cuan peligrosos son,como los manipuladores consiguen tu confianza,toxic_green,ominous,es-MX-DaliaNeural,11.0,5
2026-08-03 05:10,FALLO,,No olvido su rostro,por que no puedes olvidar a ciertas personas,blood_red,tense,es-ES-XimenaNeural,11.1,5
2026-08-03 08:46,FALLO,,Por que te obsesiona,por que tu cerebro se obsesiona con las relaciones imposibles,blood_red,ethereal,es-MX-DaliaNeural,11.1,5
2026-08-03 12:42,FALLO,,Por que ser misterioso,por que ser misterioso hace que los demas piensen mas en ti,toxic_green,ethereal,es-MX-JorgeNeural,10.8,5
2026-08-03 15:59,FALLO,,No puedo olvidarte,por que no puedes olvidar a ciertas personas,electric_blue,tense,es-ES-AlvaroNeural,10.4,5
2026-08-03 16:15,FALLO,,La venganza te consume,la psicologia de la venganza,toxic_green,ominous,es-MX-DaliaNeural,11.3,5
2026-08-03 18:08,FALLO,,La primera impresion es todo,la psicologia de la primera impresion,electric_blue,tense,es-ES-AlvaroNeural,11.3,5
2026-08-03 18:29,FALLO,,Tu cerebro se obsesiona,por que tu cerebro se obsesiona con las relaciones imposibles,gold,tense,es-AR-TomasNeural,10.5,5
2026-08-03 19:56,FALLO,,Amistades Falsas,la psicologia de las amistades falsas,blood_red,ethereal,es-AR-TomasNeural,10.9,5
2026-08-03 20:21,FALLO,,Ser misterioso,por que ser misterioso hace que los demas piensen mas en ti,blood_red,tense,es-MX-JorgeNeural,10.9,5
2026-08-03 21:21,FALLO,,La manipulacion emocional,como funciona realmente la manipulacion emocional,electric_blue,tense,es-MX-DaliaNeural,10.4,5
2026-08-03 21:51,FALLO,,Controlan tus emociones,como otras personas pueden controlar tus emociones,electric_blue,tense,es-AR-TomasNeural,11.1,5
2026-08-03 23:18,FALLO,,Por que tu crush es tan confuso,por que tu crush actua de forma tan confusa,electric_blue,tense,es-AR-TomasNeural,11.1,5
2026-08-03 23:47,FALLO,,Celos que consumen,la psicologia de los celos,gold,ominous,es-MX-DaliaNeural,11.0,5
2026-08-04 03:02,FALLO,,Falsa confianza te engana,como la falsa confianza engana a todos,violet,ominous,es-ES-AlvaroNeural,11.2,5
2026-08-04 04:00,FALLO,,Dejas todo para después,por que siempre dejas todo para despues,violet,ethereal,es-ES-AlvaroNeural,10.8,5
2026-08-04 06:06,FALLO,,Ansiedad social,la psicologia de la ansiedad social,violet,ominous,es-MX-JorgeNeural,11.2,5
2026-08-04 07:20,FALLO,,Confianza que intimida,por que la confianza intimida a las personas inseguras,gold,ethereal,es-MX-DaliaNeural,10.3,5
2026-08-04 08:55,FALLO,,Autosabotaje en jovenes,la psicologia del autosabotaje en jovenes,electric_blue,ominous,es-AR-TomasNeural,10.2,5
2026-08-04 10:21,FALLO,,Dejas todo para despues,por que siempre dejas todo para despues,violet,tense,es-ES-AlvaroNeural,11.2,5
2026-08-04 11:41,FALLO,,Lenguaje corporal oculta,como el lenguaje corporal revela emociones ocultas,violet,ominous,es-MX-JorgeNeural,11.3,5
2026-08-04 12:38,FALLO,,Recuerdos Vergonzosos,por que tu cerebro recuerda momentos vergonzosos durante anos,gold,tense,es-MX-JorgeNeural,10.5,5
2026-08-04 14:39,FALLO,,No puedes dejar de pensar,por que no puedes dejar de pensar en una persona,electric_blue,ominous,es-AR-TomasNeural,11.4,5
2026-08-04 15:13,FALLO,,Te ignoro a proposito,por que alguien ignora tus mensajes a proposito,blood_red,ethereal,es-ES-XimenaNeural,10.6,5
2026-08-04 17:10,FALLO,,Tu lenguaje corporal,como el lenguaje corporal revela emociones ocultas,gold,tense,es-MX-JorgeNeural,10.7,5
2026-08-04 18:57,FALLO,,La manipulacion emocional,como funciona realmente la manipulacion emocional,gold,tense,es-MX-JorgeNeural,10.9,5
2026-08-04 19:18,FALLO,,Tu lenguaje corporal,como el lenguaje corporal revela emociones ocultas,blood_red,ethereal,es-MX-DaliaNeural,11.3,5
2026-08-04 20:43,FALLO,,Contacto visual cambia todo,como el contacto visual cambia lo que los demas piensan de ti,blood_red,ominous,es-MX-JorgeNeural,11.4,5
2026-08-04 21:10,FALLO,,Recuerdos Vergonzosos,por que tu cerebro recuerda momentos vergonzosos durante anos,gold,ominous,es-AR-TomasNeural,10.8,5
2026-08-04 22:32,FALLO,,Saboteas tus objetivos,por que tu cerebro sabotea tus propios objetivos,blood_red,ominous,es-ES-AlvaroNeural,10.4,5
2026-08-04 22:50,FALLO,,La adiccion a la dopamina,la psicologia de la adiccion a la dopamina,gold,ominous,es-MX-JorgeNeural,10.3,5
2026-08-05 00:29,FALLO,,Tu ex vuelve sola,por que tu ex vuelve cuando ya lo habias superado,violet,tense,es-AR-TomasNeural,10.8,5
2026-08-05 01:09,FALLO,,La psicologia de la popularidad,la psicologia de la popularidad,gold,ethereal,es-MX-DaliaNeural,11.4,5
2026-08-05 04:29,FALLO,,Adicto a la dopamina,la psicologia de la adiccion a la dopamina,gold,ethereal,es-MX-JorgeNeural,10.2,5
2026-08-05 04:53,FALLO,,Maniobras de control,como los manipuladores consiguen tu confianza,blood_red,ominous,es-AR-TomasNeural,10.3,5
2026-08-05 07:58,FALLO,,Celos que consumen,la psicologia de los celos,gold,ethereal,es-MX-JorgeNeural,11.1,5
2026-08-05 08:16,FALLO,,Te hacen sentir culpable,como los narcisistas hacen que te sientas culpable,gold,tense,es-MX-JorgeNeural,10.4,5
2026-08-05 10:55,FALLO,,La trampa del coqueteo,la psicologia oscura del coqueteo,gold,ethereal,es-ES-XimenaNeural,11.4,5
2026-08-05 11:14,FALLO,,Por que compararte duele,por que compararte con otros en redes te hace sentir menos,toxic_green,ominous,es-ES-AlvaroNeural,10.4,5
2026-08-05 13:13,FALLO,,Miedo a perderte algo,la psicologia del miedo a perderte algo,toxic_green,tense,es-AR-TomasNeural,11.1,5
2026-08-05 15:33,FALLO,,Por que fingen no importar,por que algunas personas fingen que no les importas,violet,ominous,es-MX-DaliaNeural,10.3,5
2026-08-05 15:51,FALLO,,Tu ex vuelve,por que tu ex vuelve cuando ya lo habias superado,gold,tense,es-AR-TomasNeural,10.9,5
2026-08-05 17:59,FALLO,,Autosabotaje,la psicologia del autosabotaje en jovenes,electric_blue,ominous,es-MX-JorgeNeural,10.8,5
2026-08-05 18:17,FALLO,,Fingen no importar,por que algunas personas fingen que no les importas,violet,ethereal,es-ES-AlvaroNeural,11.1,5
2026-08-05 19:53,FALLO,,Por que tu crush actua tan raro,por que tu crush actua de forma tan confusa,toxic_green,ethereal,es-ES-XimenaNeural,11.4,5
2026-08-05 20:16,FALLO,,Fingen no importar,por que algunas personas fingen que no les importas,violet,tense,es-AR-TomasNeural,10.2,5
2026-08-05 21:28,FALLO,,La primera impresion,la psicologia de la primera impresion,gold,ominous,es-ES-AlvaroNeural,11.2,5
2026-08-05 21:54,FALLO,,Cerebro inventor de conversaciones,como tu cerebro inventa conversaciones que nunca ocurrieron,toxic_green,ethereal,es-ES-XimenaNeural,11.3,5
2026-08-05 23:18,FALLO,,Por que vuelve tu ex,por que tu ex vuelve cuando ya lo habias superado,blood_red,ominous,es-MX-JorgeNeural,11.3,5
2026-08-05 23:42,FALLO,,La verdad del ghosting,la psicologia detras del ghosting,blood_red,ominous,es-MX-JorgeNeural,11.3,5
2026-08-06 01:04,FALLO,,Influencers te manipulan,como los influencers manipulan tu atencion,electric_blue,tense,es-AR-TomasNeural,10.6,5
2026-08-06 03:01,FALLO,,Por que duele el rechazo,por que el rechazo duele tanto,electric_blue,tense,es-ES-AlvaroNeural,10.9,5
2026-08-06 04:52,FALLO,,Tu cerebro te sabotea,por que tu cerebro sabotea tus propios objetivos,toxic_green,tense,es-ES-AlvaroNeural,10.4,5
2026-08-06 06:07,FALLO,,Recuerdos Vergonzosos,por que tu cerebro recuerda momentos vergonzosos durante anos,gold,tense,es-MX-DaliaNeural,10.9,5
2026-08-06 08:13,FALLO,,Adicto a personas toxicas,por que tu cerebro se vuelve adicto a las personas toxicas,gold,ominous,es-ES-XimenaNeural,10.5,5
2026-08-06 11:15,FALLO,,Friends que manipulan,como los amigos toxicos manipulan sin que lo notes,electric_blue,ominous,es-ES-XimenaNeural,11.3,5
2026-08-06 11:40,FALLO,,Tu lenguaje corporal delata,como el lenguaje corporal revela emociones ocultas,blood_red,tense,es-ES-AlvaroNeural,10.8,5
2026-08-06 13:23,FALLO,,La psicologia de la popularidad,la psicologia de la popularidad,blood_red,ethereal,es-MX-DaliaNeural,10.9,5
2026-08-06 14:33,FALLO,,Dejarte en visto,la psicologia de dejarte en visto,blood_red,ominous,es-AR-TomasNeural,10.2,5
2026-08-06 15:53,FALLO,,Te juzgan sin que te des cuenta,como la gente te juzga sin que te des cuenta,electric_blue,ominous,es-ES-XimenaNeural,11.0,5
2026-08-07 00:35,FALLO,,La venganza te consume,la psicologia de la venganza,blood_red,ominous,es-MX-JorgeNeural,10.7,5
2026-08-07 00:56,FALLO,,Adicto a la aprobacion,como tu cerebro se vuelve adicto a la aprobacion de los demas,violet,ethereal,es-ES-AlvaroNeural,11.3,5
2026-08-07 03:38,FALLO,,Pensar demasiao,por que pensar demasiado destruye tu confianza,electric_blue,ominous,es-MX-DaliaNeural,11.1,5
2026-08-07 04:05,FALLO,,Celos que matan,la psicologia de los celos,blood_red,tense,es-MX-JorgeNeural,11.2,5
2026-08-07 05:25,FALLO,,Lenguaje corporal oculto,como el lenguaje corporal revela emociones ocultas,toxic_green,ominous,es-AR-TomasNeural,11.1,5
2026-08-07 05:57,FALLO,,Obsesionado con alguien,por que tu cerebro se obsesiona con las relaciones imposibles,blood_red,ominous,es-ES-XimenaNeural,11.3,5
2026-08-07 06:55,FALLO,,La venganza te consume,la psicologia de la venganza,electric_blue,ethereal,es-MX-DaliaNeural,11.3,5
2026-08-07 07:34,FALLO,,Conversaciones que nunca pasan,como tu cerebro inventa conversaciones que nunca ocurrieron,blood_red,tense,es-ES-AlvaroNeural,11.3,5
2026-08-07 08:49,FALLO,,Manipuladores te enganan,como los manipuladores consiguen tu confianza,gold,ethereal,es-ES-AlvaroNeural,11.1,5
2026-08-07 09:17,FALLO,,Control total,por que algunas personas siempre parecen tener el control,violet,ethereal,es-ES-AlvaroNeural,10.2,5
2026-08-07 10:38,FALLO,,Dependencia emocional,la psicologia de la dependencia emocional,electric_blue,ethereal,es-MX-DaliaNeural,11.0,5
2026-08-07 11:10,FALLO,,Por que no olvidas,por que no puedes olvidar a ciertas personas,toxic_green,tense,es-AR-TomasNeural,10.2,5
2026-08-07 11:28,FALLO,,La primera impresion,la psicologia de la primera impresion,gold,tense,es-MX-JorgeNeural,10.2,5
2026-08-07 12:04,FALLO,,Mentiras de tu mente,por que tu mente se cree sus propias mentiras,gold,ethereal,es-ES-AlvaroNeural,11.4,5
2026-08-07 13:26,FALLO,,Narcisistas y culpa,como los narcisistas hacen que te sientas culpable,violet,ethereal,es-ES-AlvaroNeural,10.6,5
2026-08-07 14:00,FALLO,,Influencers te controlan,como los influencers manipulan tu atencion,blood_red,tense,es-AR-TomasNeural,11.3,5
2026-08-07 15:10,FALLO,,La falsa confianza te engana,como la falsa confianza engana a todos,blood_red,ominous,es-MX-JorgeNeural,11.4,5
2026-08-07 15:30,FALLO,,Ansiedad social,la psicologia de la ansiedad social,electric_blue,tense,es-ES-XimenaNeural,10.5,5
2026-08-07 16:13,FALLO,,Pensar demasiado destruye,por que pensar demasiado destruye tu confianza,blood_red,ethereal,es-MX-JorgeNeural,11.1,5
2026-08-07 17:17,FALLO,,Falsa Confianza,como la falsa confianza engana a todos,gold,ominous,es-MX-DaliaNeural,10.7,5
2026-08-07 18:23,FALLO,,Adicto a la aprobacion,como tu cerebro se vuelve adicto a la aprobacion de los demas,violet,tense,es-ES-AlvaroNeural,11.4,5
2026-08-07 19:15,FALLO,,No paras de pensar,por que no puedes dejar de pensar en una persona,toxic_green,tense,es-MX-JorgeNeural,11.2,5
2026-08-07 19:40,FALLO,,Por que temes ser ignorado,por que tu cerebro teme tanto ser ignorado,electric_blue,tense,es-MX-JorgeNeural,11.1,5
2026-08-07 20:18,FALLO,,Ghosting: silencio mortal,la psicologia detras del ghosting,blood_red,tense,es-ES-XimenaNeural,11.3,5
2026-08-07 20:58,FALLO,,Manipulados por halagos,como la gente te manipula usando cumplidos,toxic_green,tense,es-MX-JorgeNeural,10.9,5
2026-08-07 21:21,FALLO,,Amistades falsas,la psicologia de las amistades falsas,gold,ethereal,es-AR-TomasNeural,10.9,5
2026-08-07 21:56,FALLO,,Te tratan bien en publico,por que algunos te tratan bien en publico y mal en privado,electric_blue,ethereal,es-ES-AlvaroNeural,10.6,5
2026-08-07 22:17,FALLO,,Influencers controlan tu atencion,como los influencers manipulan tu atencion,toxic_green,ominous,es-MX-JorgeNeural,11.4,5
2026-08-07 22:53,FALLO,,Narcisistas te hacen sentir culpable,como los narcisistas hacen que te sientas culpable,electric_blue,tense,es-ES-XimenaNeural,10.6,5
2026-08-07 23:16,FALLO,,La manipulacion te duele,como funciona realmente la manipulacion emocional,toxic_green,ominous,es-ES-XimenaNeural,11.2,5
2026-08-07 23:50,FALLO,,Te juzgan en secretos,como la gente te juzga sin que te des cuenta,violet,tense,es-MX-DaliaNeural,10.8,5
2026-08-08 00:09,FALLO,,Recuerdos Vergonzosos,por que tu cerebro recuerda momentos vergonzosos durante anos,electric_blue,tense,es-ES-XimenaNeural,10.9,5
2026-08-08 02:04,FALLO,,La amabilidad que manipula,como la manipulacion se esconde detras de la amabilidad,blood_red,ominous,es-ES-XimenaNeural,11.2,5
2026-08-08 02:41,FALLO,,Por que duele el rechazo,por que el rechazo duele tanto,electric_blue,tense,es-ES-AlvaroNeural,11.3,5
2026-08-08 03:50,FALLO,,No puedes olvidarle,por que no puedes olvidar a ciertas personas,toxic_green,ethereal,es-MX-DaliaNeural,11.1,5
2026-08-08 05:14,FALLO,,Dejarte en visto,la psicologia de dejarte en visto,toxic_green,ominous,es-AR-TomasNeural,10.3,5
2026-08-08 06:05,FALLO,,Control total,por que algunas personas siempre parecen tener el control,blood_red,tense,es-MX-JorgeNeural,11.3,5
2026-08-08 07:16,FALLO,,Control total,por que algunas personas siempre parecen tener el control,electric_blue,ethereal,es-MX-DaliaNeural,10.2,5
2026-08-08 07:48,FALLO,,El ghosting no es lo que crees,como la manipulacion se esconde detras de la amabilidad,blood_red,ethereal,es-MX-JorgeNeural,11.2,5
2026-08-08 08:16,FALLO,,Alguien te controla sin que lo notes,por que tu confianza desaparece cerca de algunas personas,electric_blue,ominous,es-MX-JorgeNeural,11.3,5
2026-08-08 09:08,FALLO,,Alguien te controla sin que lo notes,como tu cerebro se vuelve adicto a la aprobacion de los demas,toxic_green,tense,es-AR-TomasNeural,11.3,5
2026-08-08 09:54,FALLO,,Dejarte en visto,la psicologia de dejarte en visto,toxic_green,ethereal,es-AR-TomasNeural,10.2,5
2026-08-08 10:22,FALLO,,Tu cerebro te esta mintiendo ahora,por que pensar demasiado destruye tu confianza,electric_blue,tense,es-ES-XimenaNeural,11.1,5
2026-08-08 10:51,FALLO,,La popularidad te consume,la psicologia de la popularidad,gold,ethereal,es-ES-XimenaNeural,10.1,5
2026-08-08 11:19,FALLO,,Tu cerebro te esta mintiendo ahora,por que algunas personas se obsesionan cuando las rechazan,electric_blue,ethereal,es-MX-JorgeNeural,11.1,5
2026-08-08 11:50,FALLO,,Crush confuso,por que tu crush actua de forma tan confusa,toxic_green,tense,es-ES-XimenaNeural,10.9,5
2026-08-08 12:13,FALLO,,Tu cerebro te esta mintiendo ahora,por que no puedes olvidar a ciertas personas,blood_red,tense,es-AR-TomasNeural,10.9,5
2026-08-08 13:08,FALLO,,Rechazo duele,por que el rechazo duele tanto,toxic_green,ominous,es-MX-DaliaNeural,10.8,5
2026-08-08 13:46,FALLO,,El ghosting no es lo que crees,como los manipuladores consiguen tu confianza,gold,tense,es-MX-DaliaNeural,11.3,5
2026-08-08 14:03,FALLO,,Por que no puedes olvidarle,por que no puedes dejar de pensar en una persona,gold,ominous,es-MX-JorgeNeural,11.2,5
2026-08-08 14:56,FALLO,,Tu cerebro te esta mintiendo ahora,por que tu cerebro se obsesiona con las relaciones imposibles,electric_blue,tense,es-AR-TomasNeural,10.9,5
2026-08-08 15:54,FALLO,,El ghosting no es lo que crees,por que tu cerebro sabotea tus propios objetivos,toxic_green,ethereal,es-MX-DaliaNeural,11.3,5
2026-08-08 16:51,FALLO,,Influencers te manipulan,como los influencers manipulan tu atencion,gold,tense,es-MX-DaliaNeural,11.0,5
2026-08-08 17:21,FALLO,,Alguien te controla sin que lo notes,la psicologia de dejarte en visto,blood_red,tense,es-AR-TomasNeural,11.3,5
2026-08-08 17:47,FALLO,,Influencers te controlan,como los influencers manipulan tu atencion,toxic_green,ethereal,es-AR-TomasNeural,10.3,5
2026-08-08 18:16,FALLO,,Tu cerebro te esta mintiendo ahora,por que las relaciones toxicas son tan dificiles de dejar,toxic_green,ominous,es-ES-AlvaroNeural,11.1,5
2026-08-08 18:56,FALLO,,Te tratan bien en publico,por que algunos te tratan bien en publico y mal en privado,gold,ominous,es-ES-AlvaroNeural,10.3,5
2026-08-08 19:28,FALLO,,Alguien te controla sin que lo notes,la psicologia de los celos,toxic_green,ominous,es-ES-AlvaroNeural,11.3,5
2026-08-08 19:47,FALLO,,La primera impresion,la psicologia de la primera impresion,electric_blue,ominous,es-MX-DaliaNeural,11.3,5
2026-08-08 20:11,FALLO,,Alguien te controla sin que lo notes,por que no puedes dejar de pensar en una persona,gold,ominous,es-ES-XimenaNeural,11.3,5
2026-08-08 20:51,FALLO,,La venganza te consume,la psicologia de la venganza,toxic_green,tense,es-MX-JorgeNeural,11.4,5
2026-08-08 21:18,FALLO,,Tu cerebro te esta mintiendo ahora,como el contacto visual cambia lo que los demas piensan de ti,electric_blue,tense,es-MX-DaliaNeural,11.1,5
2026-08-08 21:55,FALLO,,Alguien te controla sin que lo notes,como detectar cuando alguien te usa emocionalmente,blood_red,ethereal,es-AR-TomasNeural,11.3,5
2026-08-08 22:54,FALLO,,Tu cerebro te esta mintiendo ahora,la psicologia de dejarte en visto,electric_blue,ominous,es-ES-XimenaNeural,11.1,5
2026-08-08 23:54,FALLO,,Alguien te controla sin que lo notes,por que la gente pierde el interes en ti,gold,ominous,es-ES-AlvaroNeural,11.3,5
2026-08-09 02:11,FALLO,,Tu cerebro teme el vacio,por que tu cerebro teme tanto ser ignorado,electric_blue,ominous,es-MX-JorgeNeural,10.8,5
2026-08-09 02:47,FALLO,,Control total,por que algunas personas siempre parecen tener el control,electric_blue,ethereal,es-ES-AlvaroNeural,10.6,5
2026-08-09 04:02,FALLO,,La psicologia oscura del coqueteo,la psicologia oscura del coqueteo,blood_red,tense,es-AR-TomasNeural,11.2,5
2026-08-09 04:56,FALLO,,Miedo a perder,la psicologia del miedo a perderte algo,toxic_green,tense,es-AR-TomasNeural,10.7,5
2026-08-09 05:31,FALLO,,Alguien te controla sin que lo notes,por que algunas personas fingen que no les importas,gold,tense,es-AR-TomasNeural,11.3,5
2026-08-09 06:19,FALLO,,Por que no puedes dejar de pensar,por que no puedes dejar de pensar en una persona,violet,tense,es-MX-DaliaNeural,11.2,5
2026-08-09 07:16,FALLO,,Tu cerebro inventa,como tu cerebro inventa conversaciones que nunca ocurrieron,gold,ominous,es-AR-TomasNeural,11.1,5
2026-08-09 07:51,FALLO,,El ghosting no es lo que crees,por que siempre dejas todo para despues,electric_blue,ethereal,es-ES-XimenaNeural,11.3,5
2026-08-09 08:22,FALLO,,Tu telefono te controla,como tu movil controla muchas de tus decisiones,violet,tense,es-ES-AlvaroNeural,11.2,5
2026-08-09 09:09,FALLO,,Alguien te controla sin que lo notes,por que tu cerebro se obsesiona con las relaciones imposibles,electric_blue,ominous,es-MX-JorgeNeural,11.3,5
2026-08-09 10:04,FALLO,,Tu cerebro te esta mintiendo ahora,como la gente te manipula usando cumplidos,gold,ominous,es-ES-AlvaroNeural,11.1,5
2026-08-09 10:51,FALLO,,Controlan tus emociones,como otras personas pueden controlar tus emociones,blood_red,ethereal,es-MX-JorgeNeural,11.0,5
2026-08-09 11:21,FALLO,,Alguien te controla sin que lo notes,por que pensar demasiado destruye tu confianza,violet,ethereal,es-ES-AlvaroNeural,11.3,5
2026-08-09 11:46,FALLO,,La psicologia oscura del coqueteo,la psicologia oscura del coqueteo,electric_blue,ethereal,es-ES-AlvaroNeural,11.0,5
2026-08-09 12:14,FALLO,,Tu cerebro te esta mintiendo ahora,por que algunas personas fingen que no les importas,electric_blue,ethereal,es-MX-DaliaNeural,11.1,5
2026-08-09 13:11,FALLO,,Adicto al scroll,como tu cerebro se vuelve adicto al scroll infinito,electric_blue,tense,es-MX-JorgeNeural,11.1,5
2026-08-09 13:51,FALLO,,El ghosting no es lo que crees,por que no puedes dejar de pensar en una persona,toxic_green,ethereal,es-ES-XimenaNeural,11.3,5
2026-08-09 14:07,FALLO,,Cuando otros controlan tus emociones,como otras personas pueden controlar tus emociones,electric_blue,ominous,es-ES-XimenaNeural,11.2,5
2026-08-09 15:00,FALLO,,Tu cerebro te esta mintiendo ahora,como el lenguaje corporal revela emociones ocultas,blood_red,tense,es-MX-JorgeNeural,11.1,5
2026-08-09 15:57,FALLO,,Alguien te controla sin que lo notes,la psicologia del miedo a perderte algo,violet,ominous,es-AR-TomasNeural,11.3,5
2026-08-09 16:54,FALLO,,Por que te obsesionan,por que tu cerebro se obsesiona con las relaciones imposibles,violet,ominous,es-MX-DaliaNeural,10.9,5
2026-08-09 17:25,FALLO,,El ghosting no es lo que crees,por que la confianza intimida a las personas inseguras,gold,tense,es-ES-XimenaNeural,11.3,5
2026-08-09 17:48,FALLO,,La confianza intimida,por que la confianza intimida a las personas inseguras,violet,ethereal,es-ES-XimenaNeural,11.0,5
2026-08-09 18:17,FALLO,,Tu cerebro te esta mintiendo ahora,la psicologia de la ansiedad social,toxic_green,tense,es-AR-TomasNeural,10.9,5
2026-08-09 18:59,FALLO,,Dejarte en visto,la psicologia de dejarte en visto,blood_red,tense,es-ES-XimenaNeural,10.3,5
2026-08-09 19:31,FALLO,,El ghosting no es lo que crees,por que algunas personas se obsesionan cuando las rechazan,electric_blue,tense,es-ES-AlvaroNeural,11.2,5
2026-08-09 19:50,FALLO,,La venganza te consume,la psicologia de la venganza,electric_blue,ominous,es-MX-JorgeNeural,10.9,5
2026-08-09 20:15,FALLO,,El ghosting no es lo que crees,como tu cerebro se vuelve adicto al scroll infinito,toxic_green,ethereal,es-AR-TomasNeural,11.2,5
2026-08-09 20:53,FALLO,,Contacto visual,como el contacto visual cambia lo que los demas piensan de ti,violet,ethereal,es-ES-AlvaroNeural,10.7,5
2026-08-09 21:20,FALLO,,El ghosting no es lo que crees,por que el rechazo duele tanto,electric_blue,tense,es-ES-XimenaNeural,11.3,5
2026-08-09 21:58,FALLO,,Tu cerebro te esta mintiendo ahora,como otras personas pueden controlar tus emociones,toxic_green,tense,es-ES-AlvaroNeural,11.1,5
2026-08-09 22:56,FALLO,,Tu cerebro te esta mintiendo ahora,la psicologia del miedo a perderte algo,toxic_green,ethereal,es-MX-DaliaNeural,11.1,5
2026-08-09 23:55,FALLO,,Alguien te controla sin que lo notes,la psicologia de la dependencia emocional,electric_blue,tense,es-MX-DaliaNeural,11.4,5
2026-08-10 02:16,FALLO,,La adiccion a la dopamina,la psicologia de la adiccion a la dopamina,blood_red,ominous,es-ES-XimenaNeural,10.8,5
2026-08-10 02:53,FALLO,,Por que te dejan de querer,por que la gente pierde el interes en ti,toxic_green,ethereal,es-AR-TomasNeural,10.6,5
2026-08-10 04:54,FALLO,,La confianza intimida,por que la confianza intimida a las personas inseguras,violet,tense,es-ES-XimenaNeural,10.2,5
2026-08-10 05:16,FALLO,,Cree conversaciones falsas,como tu cerebro inventa conversaciones que nunca ocurrieron,blood_red,ominous,es-MX-JorgeNeural,11.2,5
2026-08-10 06:26,FALLO,,Por que inventas conversaciones,como tu cerebro inventa conversaciones que nunca ocurrieron,violet,ominous,es-MX-JorgeNeural,11.4,5
2026-08-10 07:03,FALLO,,No puedes olvidarle,por que no puedes olvidar a ciertas personas,toxic_green,tense,es-ES-AlvaroNeural,11.0,5
2026-08-10 08:55,FALLO,,Redes sociales te cambian,como las redes sociales reprograman tu cerebro,electric_blue,ethereal,es-MX-DaliaNeural,11.1,5
2026-08-10 10:33,FALLO,,Por que el crush es tan confuso,por que tu crush actua de forma tan confusa,gold,ominous,es-ES-AlvaroNeural,11.4,5
2026-08-10 10:55,FALLO,,Tu movil te controla,como tu movil controla muchas de tus decisiones,toxic_green,ethereal,es-ES-XimenaNeural,11.2,5
2026-08-10 12:04,FALLO,,Compararte duele,por que compararte con otros en redes te hace sentir menos,gold,tense,es-MX-DaliaNeural,10.2,5
2026-08-10 12:28,FALLO,,El ghosting no es lo que crees,como el lenguaje corporal revela emociones ocultas,violet,tense,es-ES-AlvaroNeural,11.2,5
2026-08-10 13:29,FALLO,,Influencers te manipulan,como los influencers manipulan tu atencion,toxic_green,ominous,es-ES-XimenaNeural,11.4,5
2026-08-10 14:14,FALLO,,Alguien te controla sin que lo notes,la psicologia de la venganza,toxic_green,ominous,es-MX-JorgeNeural,11.3,5
2026-08-10 15:15,FALLO,,La amabilidad manipuladora,como la manipulacion se esconde detras de la amabilidad,violet,tense,es-AR-TomasNeural,11.1,5
2026-08-10 15:43,FALLO,,Dejas todo para despues,por que siempre dejas todo para despues,gold,ominous,es-MX-JorgeNeural,11.2,5
2026-08-10 16:37,FALLO,,Compararte duele,por que compararte con otros en redes te hace sentir menos,gold,ominous,es-ES-AlvaroNeural,10.5,5
2026-08-10 17:18,FALLO,,Tu cerebro te esta mintiendo ahora,la psicologia del miedo a perderte algo,gold,ominous,es-ES-AlvaroNeural,11.1,5
2026-08-10 18:08,FALLO,,Pensar demasiado,por que pensar demasiado destruye tu confianza,blood_red,ethereal,es-MX-JorgeNeural,10.8,5
2026-08-10 18:32,FALLO,,Tu cerebro te esta mintiendo ahora,como tu cerebro se vuelve adicto al scroll infinito,violet,ethereal,es-AR-TomasNeural,10.9,5
2026-08-10 19:15,FALLO,,El Poder del Contacto Visual,como el contacto visual cambia lo que los demas piensan de ti,violet,ethereal,es-ES-XimenaNeural,10.3,5
2026-08-10 19:49,FALLO,,El ghosting no es lo que crees,como el lenguaje corporal revela emociones ocultas,toxic_green,tense,es-ES-AlvaroNeural,11.2,5
2026-08-10 20:22,FALLO,,Adicto al scroll,como tu cerebro se vuelve adicto al scroll infinito,toxic_green,ominous,es-MX-DaliaNeural,10.4,5
2026-08-10 21:07,FALLO,,Alguien te controla sin que lo notes,por que algunas personas fingen que no les importas,blood_red,ethereal,es-AR-TomasNeural,11.3,5
2026-08-10 21:23,FALLO,, Compararte con otros duele,por que compararte con otros en redes te hace sentir menos,violet,tense,es-AR-TomasNeural,9.9,5
2026-08-10 22:06,FALLO,,Tu cerebro te esta mintiendo ahora,como tu cerebro se vuelve adicto a la aprobacion de los demas,gold,tense,es-ES-AlvaroNeural,11.1,5
2026-08-10 23:00,FALLO,,Alguien te controla sin que lo notes,por que tu confianza desaparece cerca de algunas personas,blood_red,ethereal,es-MX-JorgeNeural,11.3,5
2026-08-10 23:25,FALLO,,Tu cerebro te esta mintiendo ahora,la psicologia de la popularidad,violet,ominous,es-ES-XimenaNeural,11.1,5
2026-08-10 23:52,FALLO,,Autosabotaje oculto,la psicologia del autosabotaje en jovenes,blood_red,ominous,es-MX-DaliaNeural,10.9,5
2026-08-11 00:20,FALLO,,El ghosting no es lo que crees,como los amigos toxicos manipulan sin que lo notes,violet,ethereal,es-MX-DaliaNeural,11.3,5
2026-08-11 02:11,FALLO,,Autosabotaje silencioso,la psicologia del autosabotaje en jovenes,electric_blue,ominous,es-MX-DaliaNeural,10.9,5
2026-08-11 02:47,FALLO,,Adicto a la aprobacion,como tu cerebro se vuelve adicto a la aprobacion de los demas,violet,ominous,es-MX-DaliaNeural,11.3,5
2026-08-11 04:03,FALLO,,Amistades falsas,la psicologia de las amistades falsas,toxic_green,ethereal,es-AR-TomasNeural,10.7,5
2026-08-11 05:01,FALLO,,La venganza atrapa,la psicologia de la venganza,violet,ethereal,es-ES-XimenaNeural,10.5,5
2026-08-11 05:27,FALLO,,Adicto a la aprobacion,como tu cerebro se vuelve adicto a la aprobacion de los demas,toxic_green,ethereal,es-MX-DaliaNeural,11.4,5
2026-08-11 06:26,FALLO,,Te tratan bien en publico,por que algunos te tratan bien en publico y mal en privado,toxic_green,ethereal,es-ES-AlvaroNeural,10.3,5
2026-08-11 07:30,FALLO,,Por que no puedes olvidarle,por que no puedes olvidar a ciertas personas,gold,ominous,es-ES-AlvaroNeural,11.0,5
2026-08-11 08:06,FALLO,,El ghosting no es lo que crees,por que el rechazo duele tanto,toxic_green,ominous,es-MX-DaliaNeural,11.3,5
2026-08-11 09:16,FALLO,,Olvidar es imposible,por que no puedes olvidar a ciertas personas,electric_blue,ominous,es-MX-DaliaNeural,11.3,5
2026-08-11 09:45,FALLO,,Dependencia emocional,la psicologia de la dependencia emocional,blood_red,tense,es-ES-XimenaNeural,11.2,5
2026-08-11 10:46,FALLO,,El ghosting no es lo que crees,como funciona realmente la manipulacion emocional,violet,ominous,es-MX-DaliaNeural,11.3,5
2026-08-11 11:07,FALLO,,Adicto a la dopamina,la psicologia de la adiccion a la dopamina,gold,tense,es-MX-DaliaNeural,11.0,5
2026-08-11 11:33,FALLO,,Tu cerebro te esta mintiendo ahora,la psicologia de la adiccion a la dopamina,toxic_green,ominous,es-MX-JorgeNeural,11.1,5
2026-08-11 12:00,FALLO,,Controlan tus emociones,como otras personas pueden controlar tus emociones,toxic_green,ethereal,es-ES-AlvaroNeural,10.8,5
2026-08-11 12:27,FALLO,,El ghosting no es lo que crees,por que las relaciones toxicas son tan dificiles de dejar,toxic_green,ethereal,es-ES-XimenaNeural,11.3,5
2026-08-11 13:27,FALLO,,La amabilidad oculta,como la manipulacion se esconde detras de la amabilidad,gold,ethereal,es-ES-XimenaNeural,10.6,5
2026-08-11 14:11,FALLO,,El ghosting no es lo que crees,por que alguien ignora tus mensajes a proposito,violet,ominous,es-MX-DaliaNeural,11.3,5
2026-08-11 15:15,FALLO,,"Te tratan bien, pero...",por que algunos te tratan bien en publico y mal en privado,gold,tense,es-AR-TomasNeural,10.5,5
2026-08-11 15:42,FALLO,,Te autosaboteas sin darte cuenta,la psicologia del autosabotaje en jovenes,gold,ominous,es-ES-AlvaroNeural,10.9,5
2026-08-11 16:37,FALLO,,La psicologia oscura del coqueteo,la psicologia oscura del coqueteo,toxic_green,tense,es-MX-JorgeNeural,10.7,5
2026-08-11 17:22,FALLO,,Tu cerebro te esta mintiendo ahora,la psicologia del autosabotaje en jovenes,electric_blue,ominous,es-ES-AlvaroNeural,11.1,5
2026-08-11 17:43,FALLO,,Conversaciones que nunca,como tu cerebro inventa conversaciones que nunca ocurrieron,blood_red,ethereal,es-ES-XimenaNeural,10.7,5
2026-08-11 18:23,FALLO,,El ghosting no es lo que crees,la psicologia de la popularidad,blood_red,ethereal,es-MX-JorgeNeural,11.2,5
2026-08-11 19:46,FALLO,,Celos que matan,la psicologia de los celos,gold,ominous,es-ES-AlvaroNeural,11.2,5
2026-08-11 20:14,FALLO,,Recuerdos Vergonzosos,por que tu cerebro recuerda momentos vergonzosos durante anos,toxic_green,ethereal,es-MX-DaliaNeural,10.2,5
2026-08-11 21:13,FALLO,,Saboteas tus propios objetivos,por que tu cerebro sabotea tus propios objetivos,electric_blue,ethereal,es-MX-DaliaNeural,11.4,5
2026-08-11 22:15,FALLO,,Por que tu crush actua asi,por que tu crush actua de forma tan confusa,electric_blue,ominous,es-AR-TomasNeural,10.9,5
2026-08-11 23:14,FALLO,,El ghosting no es lo que crees,como funciona realmente la manipulacion emocional,blood_red,ethereal,es-MX-DaliaNeural,11.3,5
2026-08-12 00:05,FALLO,,El ghosting no es lo que crees,como los amigos toxicos manipulan sin que lo notes,blood_red,tense,es-MX-JorgeNeural,11.2,5
2026-08-12 02:24,FALLO,,Misterio que atrae,por que ser misterioso hace que los demas piensen mas en ti,violet,tense,es-MX-DaliaNeural,11.4,5
2026-08-12 03:16,FALLO,,Celos que matan,la psicologia de los celos,violet,tense,es-MX-DaliaNeural,11.2,5
2026-08-12 05:04,FALLO,,Ansiedad social te atrapa,la psicologia de la ansiedad social,gold,tense,es-ES-AlvaroNeural,11.2,5
2026-08-12 05:26,FALLO,,Controlan tus emociones,como otras personas pueden controlar tus emociones,violet,ethereal,es-MX-JorgeNeural,10.8,5
2026-08-12 06:31,FALLO,,Por que te dejan de querer,por que la gente pierde el interes en ti,toxic_green,tense,es-MX-JorgeNeural,10.5,5
2026-08-12 07:04,FALLO,,Autosabotaje oculto,la psicologia del autosabotaje en jovenes,toxic_green,ominous,es-AR-TomasNeural,10.8,5
2026-08-12 08:34,FALLO,,Por que vuelve,por que tu ex vuelve cuando ya lo habias superado,violet,tense,es-ES-AlvaroNeural,10.7,5
2026-08-12 08:59,FALLO,,La venganza en tu mente,la psicologia de la venganza,toxic_green,ethereal,es-MX-JorgeNeural,10.6,5
2026-08-12 10:24,FALLO,,Ghosting: por que desaparecen,la psicologia detras del ghosting,violet,ominous,es-ES-AlvaroNeural,11.4,5
2026-08-12 10:54,FALLO,,Alguien te controla sin que lo notes,por que tu cerebro recuerda momentos vergonzosos durante anos,violet,tense,es-MX-JorgeNeural,11.3,5
2026-08-12 12:04,FALLO,,Por que no olvidas,por que no puedes olvidar a ciertas personas,toxic_green,ominous,es-AR-TomasNeural,10.8,5
2026-08-12 12:20,FALLO,,El silencio manipula,como el silencio puede ser una forma de manipulacion,toxic_green,ethereal,es-MX-DaliaNeural,10.2,5
2026-08-12 13:30,FALLO,,Amistades Falsas,la psicologia de las amistades falsas,gold,ethereal,es-AR-TomasNeural,11.3,5
2026-08-12 14:18,FALLO,,Tu cerebro te esta mintiendo ahora,por que las personas solitarias confian demasiado rapido,electric_blue,tense,es-MX-DaliaNeural,11.1,5
2026-08-12 15:14,FALLO,,Adicto al scroll,como tu cerebro se vuelve adicto al scroll infinito,electric_blue,ethereal,es-ES-XimenaNeural,11.1,5
2026-08-12 15:40,FALLO,,Detras de la amabilidad,como la manipulacion se esconde detras de la amabilidad,violet,tense,es-AR-TomasNeural,11.0,5
2026-08-12 16:28,FALLO,,El ghosting no es lo que crees,como los manipuladores consiguen tu confianza,violet,ethereal,es-ES-AlvaroNeural,11.2,5
2026-08-12 17:47,FALLO,,Alguien te controla sin que lo notes,como detectar cuando alguien te usa emocionalmente,blood_red,ominous,es-MX-DaliaNeural,11.4,5
2026-08-12 18:13,FALLO,,Influencers controlan tu atencion,como los influencers manipulan tu atencion,gold,ominous,es-MX-DaliaNeural,11.0,5
2026-08-12 19:28,FALLO,,Confianza demasiado rapida,por que las personas solitarias confian demasiado rapido,violet,tense,es-AR-TomasNeural,11.2,5
2026-08-12 19:55,FALLO,,El ghosting no es lo que crees,como la gente te juzga sin que te des cuenta,toxic_green,ethereal,es-MX-JorgeNeural,11.2,5
2026-08-12 21:04,FALLO,,Pierdes confianza cerca de ellos,por que tu confianza desaparece cerca de algunas personas,gold,ominous,es-MX-DaliaNeural,10.9,5
2026-08-12 21:25,FALLO,,Influencers y tu atencion,como los influencers manipulan tu atencion,gold,ethereal,es-MX-JorgeNeural,10.9,5
2026-08-12 22:12,FALLO,,Tu cerebro te esta mintiendo ahora,por que tu crush actua de forma tan confusa,electric_blue,ominous,es-MX-DaliaNeural,11.1,5
2026-08-12 23:06,FALLO,,El ghosting no es lo que crees,por que las personas solitarias confian demasiado rapido,gold,tense,es-ES-AlvaroNeural,11.2,5
2026-08-12 23:30,FALLO,,El ghosting no es lo que crees,por que siempre dejas todo para despues,electric_blue,ethereal,es-MX-JorgeNeural,11.2,5
2026-08-12 23:58,FALLO,,Ghosting: por que desaparecen,la psicologia detras del ghosting,violet,ethereal,es-MX-DaliaNeural,11.1,5
2026-08-13 00:26,FALLO,,El ghosting no es lo que crees,como las redes sociales reprograman tu cerebro,gold,ominous,es-MX-DaliaNeural,11.3,5
2026-08-13 02:26,FALLO,,Tu cerebro sabotea tus objetivos,por que tu cerebro sabotea tus propios objetivos,electric_blue,ominous,es-ES-XimenaNeural,11.4,5
2026-08-13 03:20,FALLO,,La confianza intimida,por que la confianza intimida a las personas inseguras,electric_blue,tense,es-MX-JorgeNeural,10.9,5
2026-08-13 05:07,FALLO,,La amabilidad que duele,como la manipulacion se esconde detras de la amabilidad,violet,ominous,es-ES-XimenaNeural,11.3,5
2026-08-13 05:30,FALLO,,Controlan tus emociones,como otras personas pueden controlar tus emociones,electric_blue,ominous,es-ES-AlvaroNeural,10.8,5
2026-08-13 06:32,FALLO,,Coqueteo Oscuro,la psicologia oscura del coqueteo,violet,ominous,es-ES-XimenaNeural,11.1,5
2026-08-13 07:07,FALLO,,Inventas conversaciones,como tu cerebro inventa conversaciones que nunca ocurrieron,electric_blue,ethereal,es-AR-TomasNeural,10.3,5
2026-08-13 08:37,FALLO,,Contacto visual,como el contacto visual cambia lo que los demas piensan de ti,blood_red,ethereal,es-ES-AlvaroNeural,10.4,5
2026-08-13 09:03,FALLO,,Tratan bien en publico,por que algunos te tratan bien en publico y mal en privado,electric_blue,tense,es-AR-TomasNeural,10.2,5
2026-08-13 10:25,FALLO,,La psicologia oscura del coqueteo,la psicologia oscura del coqueteo,violet,ethereal,es-ES-XimenaNeural,11.4,5
2026-08-13 10:56,FALLO,,El ghosting no es lo que crees,por que tu cerebro teme tanto ser ignorado,electric_blue,tense,es-MX-DaliaNeural,11.3,5
2026-08-13 12:05,FALLO,,Ignorado a proposito,por que alguien ignora tus mensajes a proposito,electric_blue,ominous,es-MX-DaliaNeural,11.1,5
2026-08-13 13:32,FALLO,,Por que vuelve,por que tu ex vuelve cuando ya lo habias superado,blood_red,tense,es-AR-TomasNeural,10.4,5
2026-08-13 14:16,FALLO,,Alguien te controla sin que lo notes,como las personas atractivas manipulan sin hablar,electric_blue,ominous,es-ES-AlvaroNeural,11.3,5
2026-08-13 15:14,FALLO,,Caidas en la manipulacion,como funciona realmente la manipulacion emocional,gold,ominous,es-AR-TomasNeural,11.3,5
2026-08-13 15:46,FALLO,,Ignorados a proposito,por que alguien ignora tus mensajes a proposito,blood_red,tense,es-ES-XimenaNeural,11.2,5
2026-08-13 16:28,FALLO,,Tu cerebro te esta mintiendo ahora,por que la gente pierde el interes en ti,blood_red,ethereal,es-ES-XimenaNeural,11.1,5
2026-08-13 17:40,FALLO,,La psicologia oscura del coqueteo,la psicologia oscura del coqueteo,electric_blue,ominous,es-ES-AlvaroNeural,11.1,5
2026-08-13 18:15,FALLO,,Autosabotaje oculto,la psicologia del autosabotaje en jovenes,toxic_green,ethereal,es-AR-TomasNeural,10.7,5
2026-08-13 19:29,FALLO,,Conversaciones que nunca fueron,como tu cerebro inventa conversaciones que nunca ocurrieron,blood_red,tense,es-AR-TomasNeural,11.1,5
2026-08-13 19:54,FALLO,,Tu cerebro te esta mintiendo ahora,por que alguien ignora tus mensajes a proposito,violet,ethereal,es-ES-AlvaroNeural,11.1,5
2026-08-13 21:02,FALLO,,Lenguaje corporal oculta,como el lenguaje corporal revela emociones ocultas,toxic_green,tense,es-AR-TomasNeural,10.5,5
2026-08-13 21:28,FALLO,,Por que no puedes olvidarle,por que no puedes dejar de pensar en una persona,electric_blue,ominous,es-MX-DaliaNeural,11.2,5
2026-08-13 22:11,FALLO,,El ghosting no es lo que crees,la psicologia de la dependencia emocional,gold,ethereal,es-ES-XimenaNeural,11.3,5
2026-08-13 22:59,FALLO,,Inventas conversaciones,como tu cerebro inventa conversaciones que nunca ocurrieron,toxic_green,tense,es-MX-JorgeNeural,11.1,5
2026-08-13 23:32,FALLO,,El ghosting no es lo que crees,por que pensar demasiado destruye tu confianza,gold,ethereal,es-ES-XimenaNeural,11.3,5
2026-08-13 23:58,FALLO,,Adicto a los toxicos,por que tu cerebro se vuelve adicto a las personas toxicas,violet,ominous,es-MX-JorgeNeural,11.4,5
2026-08-14 00:26,FALLO,,Tu cerebro te esta mintiendo ahora,la psicologia de las amistades falsas,blood_red,tense,es-AR-TomasNeural,10.9,5
2026-08-14 02:24,FALLO,,Influencers te enganchan,como los influencers manipulan tu atencion,blood_red,ethereal,es-ES-AlvaroNeural,10.9,5
2026-08-14 03:18,FALLO,,La popularidad te atrapa,la psicologia de la popularidad,blood_red,ominous,es-MX-DaliaNeural,10.9,5
2026-08-14 05:04,FALLO,,La oscura verdad del coqueteo,la psicologia oscura del coqueteo,toxic_green,ominous,es-AR-TomasNeural,10.2,5
2026-08-14 05:26,FALLO,,Te dejan de querer,por que la gente pierde el interes en ti,gold,ethereal,es-ES-AlvaroNeural,10.4,5
2026-08-14 06:30,FALLO,,Te manipulan con cumplidos,como la gente te manipula usando cumplidos,violet,ethereal,es-MX-DaliaNeural,10.9,5
2026-08-14 07:04,FALLO,,Confianza ciega,por que las personas solitarias confian demasiado rapido,electric_blue,ethereal,es-ES-AlvaroNeural,11.1,5
2026-08-14 08:32,FALLO,,La Falsa Confianza,como la falsa confianza engana a todos,toxic_green,tense,es-AR-TomasNeural,11.3,5
2026-08-14 09:00,FALLO,,Por que dejas todo,por que siempre dejas todo para despues,violet,ethereal,es-ES-XimenaNeural,10.3,5
2026-08-14 10:21,FALLO,,Por que temes ser ignorado,por que tu cerebro teme tanto ser ignorado,electric_blue,ominous,es-MX-DaliaNeural,10.7,5
2026-08-14 10:52,FALLO,,Alguien te controla sin que lo notes,como detectar cuando alguien te usa emocionalmente,blood_red,ominous,es-MX-JorgeNeural,11.3,5
2026-08-14 11:34,FALLO,,Control total,por que algunas personas siempre parecen tener el control,violet,tense,es-AR-TomasNeural,10.5,5
2026-08-14 12:08,FALLO,,Alguien te controla sin que lo notes,por que tu cerebro se vuelve adicto a las personas toxicas,gold,ominous,es-ES-XimenaNeural,11.3,5
2026-08-14 13:28,FALLO,,La falsa confianza,como la falsa confianza engana a todos,violet,ethereal,es-AR-TomasNeural,11.3,5
2026-08-14 14:12,FALLO,,El ghosting no es lo que crees,por que tu ex vuelve cuando ya lo habias superado,blood_red,ethereal,es-MX-DaliaNeural,11.3,5
2026-08-14 15:09,FALLO,,Por que vuelve tu ex,por que tu ex vuelve cuando ya lo habias superado,blood_red,ethereal,es-MX-DaliaNeural,11.4,5
2026-08-14 15:34,FALLO,,Tu cerebro te esta mintiendo ahora,por que algunos te tratan bien en publico y mal en privado,gold,tense,es-ES-XimenaNeural,11.1,5
2026-08-14 16:09,FALLO,,Atractivos manipuladores,como las personas atractivas manipulan sin hablar,toxic_green,ethereal,es-ES-XimenaNeural,10.8,5
2026-08-14 16:33,FALLO,,Alguien te controla sin que lo notes,por que tu cerebro se obsesiona con las relaciones imposibles,violet,ethereal,es-AR-TomasNeural,11.3,5
2026-08-14 17:10,FALLO,,Saboteas tus objetivos,por que tu cerebro sabotea tus propios objetivos,electric_blue,ethereal,es-ES-XimenaNeural,11.0,5
2026-08-14 17:45,FALLO,,Alguien te controla sin que lo notes,como los manipuladores consiguen tu confianza,electric_blue,ominous,es-MX-DaliaNeural,11.4,5
2026-08-14 18:11,FALLO,,Por que te obsesionan,por que tu cerebro se obsesiona con las relaciones imposibles,toxic_green,ethereal,es-AR-TomasNeural,11.4,5
2026-08-14 18:34,FALLO,,Alguien te controla sin que lo notes,la psicologia de dejarte en visto,gold,ominous,es-ES-AlvaroNeural,11.3,5
2026-08-14 19:14,FALLO,,Inventa conversaciones,como tu cerebro inventa conversaciones que nunca ocurrieron,toxic_green,tense,es-ES-XimenaNeural,11.2,5
2026-08-14 19:48,FALLO,,Tu cerebro te esta mintiendo ahora,como la falsa confianza engana a todos,electric_blue,ethereal,es-ES-AlvaroNeural,11.1,5
2026-08-14 20:14,FALLO,,Alguien te controla sin que lo notes,por que tu cerebro sabotea tus propios objetivos,electric_blue,tense,es-MX-JorgeNeural,11.3,5
2026-08-14 20:56,FALLO,,Tu cerebro te esta mintiendo ahora,como las redes sociales reprograman tu cerebro,electric_blue,tense,es-ES-AlvaroNeural,11.1,5
2026-08-14 21:42,FALLO,,La dependencia emocional,la psicologia de la dependencia emocional,gold,ethereal,es-AR-TomasNeural,11.4,5
2026-08-14 22:08,FALLO,,Alguien te controla sin que lo notes,como el silencio puede ser una forma de manipulacion,gold,ominous,es-ES-XimenaNeural,11.3,5
2026-08-14 22:40,FALLO,,Dependencia emocional,la psicologia de la dependencia emocional,violet,ominous,es-MX-DaliaNeural,11.1,5
2026-08-14 23:08,FALLO,,Alguien te controla sin que lo notes,la psicologia de la venganza,gold,tense,es-ES-AlvaroNeural,11.3,5
2026-08-14 23:46,FALLO,,Alguien te controla sin que lo notes,por que tu ex vuelve cuando ya lo habias superado,toxic_green,tense,es-ES-XimenaNeural,11.3,5
2026-08-15 01:37,FALLO,,Tu movil te controla,como tu movil controla muchas de tus decisiones,electric_blue,tense,es-MX-DaliaNeural,10.9,5
2026-08-15 02:10,FALLO,,La verdad sobre tu lenguaje,como el lenguaje corporal revela emociones ocultas,toxic_green,tense,es-MX-JorgeNeural,11.2,5
2026-08-15 03:16,FALLO,,El ghosting no es lo que crees,por que compararte con otros en redes te hace sentir menos,toxic_green,ethereal,es-ES-AlvaroNeural,11.2,5
2026-08-15 04:03,FALLO,,Tu cerebro te esta mintiendo ahora,como las personas atractivas manipulan sin hablar,gold,tense,es-ES-XimenaNeural,11.1,5
2026-08-15 04:48,FALLO,,La psicologia de la popularidad,la psicologia de la popularidad,toxic_green,tense,es-MX-DaliaNeural,11.3,5
2026-08-15 05:16,FALLO,,El ghosting no es lo que crees,por que tu cerebro se vuelve adicto a las personas toxicas,gold,tense,es-MX-JorgeNeural,11.2,5
2026-08-15 05:43,FALLO,,Celos que matan,la psicologia de los celos,gold,tense,es-ES-AlvaroNeural,11.2,5
2026-08-15 06:10,FALLO,,Alguien te controla sin que lo notes,por que siempre dejas todo para despues,blood_red,ethereal,es-ES-XimenaNeural,11.3,5
2026-08-15 06:57,FALLO,,Detecta el abuso emocional,como detectar cuando alguien te usa emocionalmente,toxic_green,ethereal,es-AR-TomasNeural,11.2,5
2026-08-15 07:26,FALLO,,Tu cerebro te esta mintiendo ahora,como los influencers manipulan tu atencion,blood_red,ethereal,es-ES-XimenaNeural,11.1,5
2026-08-15 07:55,FALLO,,Tu cerebro te esta mintiendo ahora,como los amigos toxicos manipulan sin que lo notes,electric_blue,tense,es-ES-XimenaNeural,11.1,5
2026-08-15 08:55,FALLO,,Tu cerebro te esta mintiendo ahora,como tu cerebro se vuelve adicto a la aprobacion de los demas,violet,ominous,es-AR-TomasNeural,10.9,5
2026-08-15 09:51,FALLO,,Alguien te controla sin que lo notes,por que las relaciones toxicas son tan dificiles de dejar,violet,ominous,es-AR-TomasNeural,11.3,5
2026-08-15 10:39,FALLO,,Adicto a la validacion,la psicologia de la adiccion a la dopamina,gold,ominous,es-AR-TomasNeural,11.0,5
2026-08-15 11:06,FALLO,,Alguien te controla sin que lo notes,por que tu cerebro recuerda momentos vergonzosos durante anos,gold,ominous,es-AR-TomasNeural,11.3,5
2026-08-15 11:37,FALLO,,Amigos toxicos,como los amigos toxicos manipulan sin que lo notes,toxic_green,ominous,es-AR-TomasNeural,10.9,5
2026-08-15 12:03,FALLO,,Alguien te controla sin que lo notes,la psicologia del autosabotaje en jovenes,gold,ethereal,es-ES-AlvaroNeural,11.3,5
2026-08-15 12:57,FALLO,,Dependencia emocional,la psicologia de la dependencia emocional,toxic_green,tense,es-MX-JorgeNeural,11.4,5
2026-08-15 13:27,FALLO,,Tu cerebro te esta mintiendo ahora,como las redes sociales reprograman tu cerebro,toxic_green,tense,es-MX-DaliaNeural,11.1,5
2026-08-15 13:47,FALLO,,Por que te dejan de querer,por que la gente pierde el interes en ti,gold,ominous,es-ES-AlvaroNeural,10.6,5
2026-08-15 14:11,FALLO,,El ghosting no es lo que crees,por que las personas solitarias confian demasiado rapido,toxic_green,tense,es-MX-DaliaNeural,11.3,5
2026-08-15 14:48,FALLO,,Tu cerebro te esta mintiendo ahora,por que pensar demasiado destruye tu confianza,electric_blue,ethereal,es-AR-TomasNeural,10.9,5
2026-08-15 15:45,FALLO,,Alguien te controla sin que lo notes,por que tu cerebro teme tanto ser ignorado,violet,tense,es-MX-DaliaNeural,11.4,5
2026-08-15 16:50,FALLO,,El ghosting no es lo que crees,la psicologia del autosabotaje en jovenes,gold,tense,es-ES-AlvaroNeural,11.2,5
2026-08-15 17:44,FALLO,,Alguien te controla sin que lo notes,por que algunas personas fingen que no les importas,blood_red,ominous,es-ES-XimenaNeural,11.3,5
2026-08-15 18:48,FALLO,,La primera impresion,la psicologia de la primera impresion,gold,ethereal,es-MX-DaliaNeural,11.0,5
2026-08-15 19:14,FALLO,,Alguien te controla sin que lo notes,por que siempre dejas todo para despues,gold,ethereal,es-ES-XimenaNeural,11.3,5
2026-08-15 19:38,FALLO,,Aprobar a los demas,como tu cerebro se vuelve adicto a la aprobacion de los demas,toxic_green,tense,es-MX-JorgeNeural,11.0,5
2026-08-15 20:03,FALLO,,Tu cerebro te esta mintiendo ahora,como los influencers manipulan tu atencion,blood_red,ethereal,es-ES-XimenaNeural,11.1,5
2026-08-15 20:39,FALLO,,La amabilidad que manipula,como la manipulacion se esconde detras de la amabilidad,blood_red,tense,es-ES-XimenaNeural,11.3,5
2026-08-15 21:06,FALLO,,Alguien te controla sin que lo notes,por que compararte con otros en redes te hace sentir menos,electric_blue,ominous,es-ES-XimenaNeural,11.3,5
2026-08-15 21:40,FALLO,,La primera impresion,la psicologia de la primera impresion,gold,ethereal,es-MX-DaliaNeural,10.3,5
2026-08-15 22:47,FALLO,,Tu cerebro te esta mintiendo ahora,por que algunos te tratan bien en publico y mal en privado,blood_red,tense,es-MX-JorgeNeural,11.1,5
2026-08-15 23:45,FALLO,,Alguien te controla sin que lo notes,la psicologia de pensar demasiado por la noche,violet,tense,es-ES-XimenaNeural,11.3,5
2026-08-16 01:42,FALLO,,Controlan tus emociones,como otras personas pueden controlar tus emociones,toxic_green,ethereal,es-MX-JorgeNeural,10.6,5
2026-08-16 02:16,FALLO,,Mentiras de tu mente,por que tu mente se cree sus propias mentiras,electric_blue,tense,es-MX-JorgeNeural,11.4,5
2026-08-16 03:20,FALLO,,Adicto a lo toxico,por que tu cerebro se vuelve adicto a las personas toxicas,electric_blue,ethereal,es-MX-DaliaNeural,11.3,5
2026-08-16 03:46,FALLO,,El ghosting no es lo que crees,por que alguien ignora tus mensajes a proposito,blood_red,ominous,es-AR-TomasNeural,11.2,5
2026-08-16 04:28,FALLO,,Tu cerebro te esta mintiendo ahora,como tu cerebro se vuelve adicto a la aprobacion de los demas,electric_blue,tense,es-MX-DaliaNeural,11.1,5
2026-08-16 04:52,FALLO,,El silencio te manipula,como el silencio puede ser una forma de manipulacion,gold,ethereal,es-MX-DaliaNeural,10.2,5
2026-08-16 05:19,FALLO,,El ghosting no es lo que crees,la psicologia de dejarte en visto,toxic_green,ominous,es-MX-DaliaNeural,11.3,5
2026-08-16 05:44,FALLO,,Fingen no importar,por que algunas personas fingen que no les importas,electric_blue,ethereal,es-AR-TomasNeural,10.8,5
2026-08-16 06:13,FALLO,,El ghosting no es lo que crees,como tu cerebro se vuelve adicto a la aprobacion de los demas,gold,ethereal,es-ES-XimenaNeural,11.3,5
2026-08-16 06:58,FALLO,,Por que te ghostean,la psicologia detras del ghosting,violet,ominous,es-MX-JorgeNeural,10.9,5
2026-08-16 07:28,FALLO,,Tu cerebro te esta mintiendo ahora,como la gente te juzga sin que te des cuenta,blood_red,tense,es-MX-DaliaNeural,11.1,5
2026-08-16 07:55,FALLO,,Alguien te controla sin que lo notes,como el silencio puede ser una forma de manipulacion,electric_blue,ominous,es-AR-TomasNeural,11.3,5
2026-08-16 08:55,FALLO,,Tu cerebro te esta mintiendo ahora,la psicologia de la adiccion a la dopamina,violet,ominous,es-MX-JorgeNeural,11.1,5
2026-08-16 09:52,FALLO,,El ghosting no es lo que crees,la psicologia del miedo a perderte algo,blood_red,tense,es-AR-TomasNeural,11.2,5
2026-08-16 10:40,FALLO,,_detectas el uso emocional?,como detectar cuando alguien te usa emocionalmente,violet,tense,es-AR-TomasNeural,10.7,5
2026-08-16 11:07,FALLO,,Alguien te controla sin que lo notes,como tu cerebro se vuelve adicto al scroll infinito,gold,ominous,es-ES-AlvaroNeural,11.3,5
2026-08-16 11:37,FALLO,,Tu aprobacion adictiva,como tu cerebro se vuelve adicto a la aprobacion de los demas,gold,ethereal,es-MX-JorgeNeural,10.5,5
2026-08-16 12:03,FALLO,,Tu cerebro te esta mintiendo ahora,la psicologia de la zona de amistad,gold,tense,es-AR-TomasNeural,10.9,5
2026-08-16 12:58,FALLO,,Fingen no importarles,por que algunas personas fingen que no les importas,blood_red,ominous,es-MX-DaliaNeural,11.2,5
2026-08-16 13:28,FALLO,,El ghosting no es lo que crees,por que tu cerebro sabotea tus propios objetivos,gold,ethereal,es-ES-XimenaNeural,11.3,5
2026-08-16 13:48,FALLO,,La primera impresion,la psicologia de la primera impresion,toxic_green,ethereal,es-MX-DaliaNeural,11.1,5
2026-08-16 14:11,FALLO,,Tu cerebro te esta mintiendo ahora,la psicologia del miedo a perderte algo,blood_red,ethereal,es-ES-AlvaroNeural,11.1,5
2026-08-16 14:48,FALLO,,Tu cerebro te esta mintiendo ahora,por que el rechazo duele tanto,blood_red,tense,es-MX-DaliaNeural,11.1,5
2026-08-16 15:47,FALLO,,Alguien te controla sin que lo notes,por que no puedes dejar de pensar en una persona,toxic_green,ethereal,es-AR-TomasNeural,11.3,5
2026-08-16 16:50,FALLO,,Alguien te controla sin que lo notes,como detectar cuando alguien te usa emocionalmente,blood_red,ominous,es-AR-TomasNeural,11.3,5
2026-08-16 17:44,FALLO,,Alguien te controla sin que lo notes,por que tu crush actua de forma tan confusa,gold,ethereal,es-MX-JorgeNeural,11.3,5
2026-08-16 18:47,FALLO,,No puedes olvidarle,por que no puedes dejar de pensar en una persona,blood_red,ominous,es-ES-XimenaNeural,11.4,5
2026-08-16 19:14,FALLO,,Alguien te controla sin que lo notes,la psicologia del miedo a perderte algo,electric_blue,tense,es-ES-XimenaNeural,11.3,5
2026-08-16 19:38,FALLO,,Te juzgan sin que notes,como la gente te juzga sin que te des cuenta,electric_blue,ominous,es-ES-AlvaroNeural,10.3,5
2026-08-16 20:03,FALLO,,Tu cerebro te esta mintiendo ahora,por que ser misterioso hace que los demas piensen mas en ti,violet,tense,es-MX-JorgeNeural,11.1,5
2026-08-16 20:40,FALLO,,Amistades Falsas,la psicologia de las amistades falsas,gold,ominous,es-ES-XimenaNeural,10.2,5
2026-08-16 21:07,FALLO,,El ghosting no es lo que crees,como otras personas pueden controlar tus emociones,toxic_green,ominous,es-MX-JorgeNeural,11.2,5
2026-08-16 21:45,FALLO,,Alguien te controla sin que lo notes,por que algunas personas siempre parecen tener el control,toxic_green,ominous,es-MX-JorgeNeural,11.3,5
2026-08-16 22:45,FALLO,,Alguien te controla sin que lo notes,la psicologia de dejarte en visto,blood_red,ethereal,es-AR-TomasNeural,11.3,5
2026-08-16 23:45,FALLO,,Alguien te controla sin que lo notes,como tu cerebro se vuelve adicto al scroll infinito,blood_red,ominous,es-MX-JorgeNeural,11.3,5
2026-08-17 01:39,FALLO,,Obsesion por rechazo,por que algunas personas se obsesionan cuando las rechazan,violet,ethereal,es-MX-DaliaNeural,10.9,5
2026-08-17 02:15,FALLO,,Pensar demasiado,por que pensar demasiado destruye tu confianza,toxic_green,tense,es-MX-DaliaNeural,10.6,5
2026-08-17 03:20,FALLO,,Te juzgan sin que te des cuenta,como la gente te juzga sin que te des cuenta,violet,tense,es-ES-AlvaroNeural,10.6,5
2026-08-17 03:47,FALLO,,Alguien te controla sin que lo notes,la psicologia de las amistades falsas,violet,ethereal,es-ES-XimenaNeural,11.3,5
2026-08-17 04:24,FALLO,,Misterio atrae,por que ser misterioso hace que los demas piensen mas en ti,toxic_green,ominous,es-AR-TomasNeural,10.1,5
2026-08-17 05:08,FALLO,,El ghosting no es lo que crees,la psicologia de la zona de amistad,toxic_green,tense,es-AR-TomasNeural,11.2,5
2026-08-17 05:51,FALLO,,Por que tu crush actua confuso,por que tu crush actua de forma tan confusa,electric_blue,tense,es-ES-XimenaNeural,10.8,5
2026-08-17 06:19,FALLO,,Tu cerebro te esta mintiendo ahora,como los amigos toxicos manipulan sin que lo notes,blood_red,tense,es-ES-AlvaroNeural,11.1,5
2026-08-17 07:15,FALLO,,Saboteas tus objetivos,por que tu cerebro sabotea tus propios objetivos,gold,ethereal,es-AR-TomasNeural,10.9,5
2026-08-17 07:51,FALLO,,Tu cerebro te esta mintiendo ahora,como la manipulacion se esconde detras de la amabilidad,violet,ominous,es-MX-DaliaNeural,11.1,5
2026-08-17 08:22,FALLO,,Conversaciones que nunca ocurrieron,como tu cerebro inventa conversaciones que nunca ocurrieron,blood_red,tense,es-ES-XimenaNeural,11.3,5
2026-08-17 09:02,FALLO,,El ghosting no es lo que crees,por que no puedes dejar de pensar en una persona,electric_blue,tense,es-ES-XimenaNeural,11.3,5
2026-08-17 09:20,FALLO,,Tu cerebro te esta mintiendo ahora,como los narcisistas hacen que te sientas culpable,electric_blue,ethereal,es-ES-XimenaNeural,11.1,5
2026-08-17 10:00,FALLO,,Tu cerebro te esta mintiendo ahora,por que alguien ignora tus mensajes a proposito,toxic_green,ominous,es-ES-XimenaNeural,11.1,5
2026-08-17 10:18,FALLO,,Tu cerebro te esta mintiendo ahora,la psicologia de la zona de amistad,toxic_green,ethereal,es-ES-XimenaNeural,11.1,5
2026-08-17 10:50,FALLO,,Alguien te controla sin que lo notes,por que no puedes dejar de pensar en una persona,toxic_green,ethereal,es-ES-XimenaNeural,11.3,5
2026-08-17 11:08,FALLO,,El ghosting no es lo que crees,por que tu confianza desaparece cerca de algunas personas,gold,tense,es-AR-TomasNeural,11.2,5
2026-08-17 11:43,FALLO,,Alguien te controla sin que lo notes,la psicologia oscura del coqueteo,electric_blue,tense,es-ES-AlvaroNeural,11.3,5
2026-08-17 12:02,FALLO,,Alguien te controla sin que lo notes,como tu cerebro se vuelve adicto al scroll infinito,electric_blue,ominous,es-ES-AlvaroNeural,11.3,5
2026-08-17 13:04,FALLO,,Alguien te controla sin que lo notes,la psicologia de la venganza,toxic_green,ethereal,es-ES-XimenaNeural,11.3,5
2026-08-17 13:27,FALLO,,El ghosting no es lo que crees,como otras personas pueden controlar tus emociones,toxic_green,ethereal,es-MX-JorgeNeural,11.2,5
2026-08-17 13:57,FALLO,,Alguien te controla sin que lo notes,la psicologia de dejarte en visto,electric_blue,ethereal,es-MX-DaliaNeural,11.4,5
2026-08-17 14:13,FALLO,,Tu cerebro te esta mintiendo ahora,la psicologia de la zona de amistad,gold,tense,es-MX-JorgeNeural,11.1,5
2026-08-17 14:46,FALLO,,Tu cerebro te esta mintiendo ahora,como el silencio puede ser una forma de manipulacion,violet,ominous,es-ES-AlvaroNeural,11.1,5
2026-08-17 15:06,FALLO,,Alguien te controla sin que lo notes,por que no puedes olvidar a ciertas personas,gold,ominous,es-AR-TomasNeural,11.3,5
2026-08-17 15:43,FALLO,,El ghosting no es lo que crees,por que tu confianza desaparece cerca de algunas personas,electric_blue,ethereal,es-MX-JorgeNeural,11.2,5
2026-08-17 16:00,FALLO,,El ghosting no es lo que crees,por que algunas personas siempre parecen tener el control,violet,tense,es-ES-AlvaroNeural,11.2,5
2026-08-17 16:46,FALLO,,El ghosting no es lo que crees,por que tu cerebro teme tanto ser ignorado,electric_blue,ominous,es-ES-AlvaroNeural,11.2,5
2026-08-17 17:07,FALLO,,El ghosting no es lo que crees,como los amigos toxicos manipulan sin que lo notes,toxic_green,tense,es-AR-TomasNeural,11.2,5
2026-08-17 17:43,FALLO,,El ghosting no es lo que crees,como la gente te manipula usando cumplidos,violet,tense,es-ES-AlvaroNeural,11.2,5
2026-08-17 18:06,FALLO,,Alguien te controla sin que lo notes,por que la gente pierde el interes en ti,violet,ethereal,es-AR-TomasNeural,11.3,5
2026-08-17 18:58,FALLO,,Tu cerebro te esta mintiendo ahora,como tu movil controla muchas de tus decisiones,violet,ominous,es-AR-TomasNeural,10.9,5
2026-08-17 19:19,FALLO,,El ghosting no es lo que crees,como detectar cuando alguien te usa emocionalmente,gold,ethereal,es-MX-JorgeNeural,11.2,5
2026-08-17 19:45,FALLO,,Tu cerebro te esta mintiendo ahora,por que las relaciones toxicas son tan dificiles de dejar,gold,ethereal,es-MX-JorgeNeural,11.1,5
2026-08-17 20:03,FALLO,,Alguien te controla sin que lo notes,la psicologia oscura del coqueteo,electric_blue,ominous,es-ES-XimenaNeural,11.3,5
2026-08-17 20:45,FALLO,,Tu cerebro te esta mintiendo ahora,como tu cerebro se vuelve adicto al scroll infinito,gold,ominous,es-ES-XimenaNeural,11.1,5
2026-08-17 21:05,FALLO,,Alguien te controla sin que lo notes,por que tu crush actua de forma tan confusa,blood_red,tense,es-ES-XimenaNeural,11.3,5
2026-08-17 21:43,FALLO,,Alguien te controla sin que lo notes,la psicologia de la dependencia emocional,gold,ominous,es-AR-TomasNeural,11.3,5
2026-08-17 22:02,FALLO,,El ghosting no es lo que crees,la psicologia de la popularidad,blood_red,tense,es-MX-DaliaNeural,11.3,5
2026-08-17 22:42,FALLO,,Alguien te controla sin que lo notes,como los influencers manipulan tu atencion,gold,ominous,es-ES-XimenaNeural,11.3,5
2026-08-17 23:02,FALLO,,Alguien te controla sin que lo notes,la psicologia de las amistades falsas,blood_red,tense,es-AR-TomasNeural,11.3,5
2026-08-17 23:40,FALLO,,Tu cerebro te esta mintiendo ahora,la psicologia oscura del coqueteo,violet,ethereal,es-ES-XimenaNeural,11.1,5
2026-08-17 23:58,FALLO,,El ghosting no es lo que crees,como los influencers manipulan tu atencion,toxic_green,tense,es-ES-AlvaroNeural,11.2,5
2026-08-18 02:11,FALLO,,Alguien te controla sin que lo notes,por que tu cerebro se vuelve adicto a las personas toxicas,toxic_green,tense,es-ES-AlvaroNeural,11.3,5
2026-08-18 03:12,FALLO,,Alguien te controla sin que lo notes,la psicologia de la dependencia emocional,blood_red,ominous,es-ES-AlvaroNeural,11.3,5
2026-08-18 04:06,FALLO,,Tu cerebro te esta mintiendo ahora,como el silencio puede ser una forma de manipulacion,toxic_green,ominous,es-AR-TomasNeural,10.9,5
2026-08-18 04:52,FALLO,,El ghosting no es lo que crees,por que pensar demasiado destruye tu confianza,toxic_green,ominous,es-MX-JorgeNeural,11.2,5
2026-08-18 05:14,FALLO,,Tu cerebro te esta mintiendo ahora,como las redes sociales reprograman tu cerebro,toxic_green,ominous,es-MX-DaliaNeural,11.1,5
2026-08-18 05:47,FALLO,,Alguien te controla sin que lo notes,la psicologia de la zona de amistad,blood_red,ethereal,es-MX-JorgeNeural,11.3,5
2026-08-18 06:10,FALLO,,Tu cerebro te esta mintiendo ahora,por que compararte con otros en redes te hace sentir menos,violet,ominous,es-ES-AlvaroNeural,11.1,5
2026-08-18 07:04,FALLO,,Alguien te controla sin que lo notes,como la falsa confianza engana a todos,electric_blue,tense,es-AR-TomasNeural,11.3,5
2026-08-18 07:27,FALLO,,El ghosting no es lo que crees,como la manipulacion se esconde detras de la amabilidad,toxic_green,ethereal,es-MX-JorgeNeural,11.2,5
2026-08-18 07:55,FALLO,,Tu cerebro te esta mintiendo ahora,por que la gente pierde el interes en ti,violet,tense,es-MX-DaliaNeural,11.1,5
2026-08-18 08:14,FALLO,,Tu cerebro te esta mintiendo ahora,por que tu mente se cree sus propias mentiras,toxic_green,ominous,es-ES-AlvaroNeural,11.1,5
2026-08-18 08:55,FALLO,,El ghosting no es lo que crees,la psicologia oscura del coqueteo,blood_red,ominous,es-MX-DaliaNeural,11.3,5
2026-08-18 09:15,FALLO,,Tu cerebro te esta mintiendo ahora,la psicologia de la zona de amistad,blood_red,ethereal,es-MX-DaliaNeural,11.1,5
2026-08-18 09:51,FALLO,,El ghosting no es lo que crees,por que tu cerebro sabotea tus propios objetivos,toxic_green,tense,es-AR-TomasNeural,11.2,5
2026-08-18 10:10,FALLO,,Tu cerebro te esta mintiendo ahora,la psicologia de las amistades falsas,gold,ethereal,es-MX-DaliaNeural,11.1,5
2026-08-18 10:46,FALLO,,Alguien te controla sin que lo notes,como el silencio puede ser una forma de manipulacion,gold,tense,es-AR-TomasNeural,11.3,5
2026-08-18 11:07,FALLO,,El ghosting no es lo que crees,la psicologia de la dependencia emocional,gold,ominous,es-ES-XimenaNeural,11.3,5
2026-08-18 11:43,FALLO,,Alguien te controla sin que lo notes,como los influencers manipulan tu atencion,toxic_green,tense,es-MX-DaliaNeural,11.4,5
2026-08-18 12:02,FALLO,,Tu cerebro te esta mintiendo ahora,por que las relaciones toxicas son tan dificiles de dejar,violet,ominous,es-MX-JorgeNeural,11.1,5
2026-08-18 13:06,FALLO,,Tu cerebro te esta mintiendo ahora,como la gente te manipula usando cumplidos,gold,ethereal,es-ES-AlvaroNeural,11.1,5
2026-08-18 13:30,FALLO,,Tu cerebro te esta mintiendo ahora,la psicologia de los celos,electric_blue,tense,es-AR-TomasNeural,10.9,5
2026-08-18 14:00,FALLO,,Tu cerebro te esta mintiendo ahora,la psicologia de la popularidad,violet,ethereal,es-MX-JorgeNeural,11.1,5
2026-08-18 14:18,FALLO,,Alguien te controla sin que lo notes,la psicologia de los celos,toxic_green,ominous,es-ES-XimenaNeural,11.3,5
2026-08-18 14:51,FALLO,,Tu cerebro te esta mintiendo ahora,la psicologia de las amistades falsas,toxic_green,ethereal,es-ES-AlvaroNeural,11.1,5
2026-08-18 15:13,FALLO,,Tu cerebro te esta mintiendo ahora,por que tu mente se cree sus propias mentiras,gold,tense,es-MX-DaliaNeural,11.1,5
2026-08-18 16:16,FALLO,,Alguien te controla sin que lo notes,por que no puedes olvidar a ciertas personas,electric_blue,ominous,es-AR-TomasNeural,11.3,5
2026-08-18 16:58,FALLO,,El ghosting no es lo que crees,por que tu cerebro teme tanto ser ignorado,blood_red,tense,es-ES-AlvaroNeural,11.2,5
2026-08-18 17:52,FALLO,,Alguien te controla sin que lo notes,por que las personas solitarias confian demasiado rapido,blood_red,tense,es-AR-TomasNeural,11.3,5
2026-08-18 19:24,FALLO,,Alguien te controla sin que lo notes,la psicologia del miedo a perderte algo,blood_red,tense,es-MX-DaliaNeural,11.4,5
2026-08-18 19:48,FALLO,,El ghosting no es lo que crees,la psicologia del autosabotaje en jovenes,toxic_green,ethereal,es-MX-DaliaNeural,11.3,5
2026-08-18 20:42,FALLO,,Alguien te controla sin que lo notes,como la gente te juzga sin que te des cuenta,toxic_green,ethereal,es-ES-AlvaroNeural,11.3,5
2026-08-18 21:01,FALLO,,Alguien te controla sin que lo notes,como los narcisistas hacen que te sientas culpable,gold,ominous,es-AR-TomasNeural,11.3,5
2026-08-18 21:44,FALLO,,El ghosting no es lo que crees,por que tu cerebro se vuelve adicto a las personas toxicas,electric_blue,ominous,es-AR-TomasNeural,11.2,5
2026-08-18 22:42,FALLO,,Alguien te controla sin que lo notes,la psicologia del miedo a perderte algo,gold,ominous,es-AR-TomasNeural,11.3,5
2026-08-18 23:01,FALLO,,El ghosting no es lo que crees,como tu cerebro inventa conversaciones que nunca ocurrieron,violet,ominous,es-AR-TomasNeural,11.2,5
2026-08-18 23:39,FALLO,,Tu cerebro te esta mintiendo ahora,por que algunos te tratan bien en publico y mal en privado,toxic_green,ominous,es-ES-AlvaroNeural,11.1,5
2026-08-18 23:58,FALLO,,El ghosting no es lo que crees,la psicologia de dejarte en visto,violet,ominous,es-MX-JorgeNeural,11.2,5
2026-08-19 01:38,FALLO,,Tu cerebro te esta mintiendo ahora,por que siempre dejas todo para despues,blood_red,ominous,es-ES-AlvaroNeural,11.1,5
2026-08-19 03:16,FALLO,,Alguien te controla sin que lo notes,como el contacto visual cambia lo que los demas piensan de ti,toxic_green,ominous,es-AR-TomasNeural,11.3,5
2026-08-19 03:42,FALLO,,Alguien te controla sin que lo notes,como las personas atractivas manipulan sin hablar,toxic_green,ominous,es-ES-AlvaroNeural,11.3,5
2026-08-19 04:08,FALLO,,Alguien te controla sin que lo notes,por que alguien ignora tus mensajes a proposito,toxic_green,tense,es-ES-AlvaroNeural,11.3,5
2026-08-19 04:55,FALLO,,El ghosting no es lo que crees,como la manipulacion se esconde detras de la amabilidad,gold,ethereal,es-ES-XimenaNeural,11.3,5
2026-08-19 05:15,FALLO,,Alguien te controla sin que lo notes,como funciona realmente la manipulacion emocional,gold,ominous,es-MX-DaliaNeural,11.4,5
2026-08-19 05:48,FALLO,,Alguien te controla sin que lo notes,por que la gente pierde el interes en ti,violet,ethereal,es-AR-TomasNeural,11.3,5
2026-08-19 06:09,FALLO,,Alguien te controla sin que lo notes,la psicologia de la popularidad,electric_blue,ominous,es-ES-AlvaroNeural,11.3,5
2026-08-19 07:10,FALLO,,Tu cerebro te esta mintiendo ahora,como las redes sociales reprograman tu cerebro,gold,ethereal,es-MX-JorgeNeural,11.1,5
2026-08-19 07:57,FALLO,,Tu cerebro te esta mintiendo ahora,la psicologia de la dependencia emocional,toxic_green,ethereal,es-MX-DaliaNeural,11.1,5
2026-08-19 08:56,FALLO,,Tu cerebro te esta mintiendo ahora,la psicologia de la zona de amistad,blood_red,tense,es-AR-TomasNeural,10.9,5
2026-08-19 09:55,FALLO,,Alguien te controla sin que lo notes,por que tu mente se cree sus propias mentiras,violet,ethereal,es-MX-JorgeNeural,11.3,5
2026-08-19 10:52,FALLO,,Alguien te controla sin que lo notes,como la falsa confianza engana a todos,toxic_green,ethereal,es-ES-XimenaNeural,11.3,5
2026-08-19 11:42,FALLO,,Tu cerebro te esta mintiendo ahora,por que tu crush actua de forma tan confusa,violet,ominous,es-AR-TomasNeural,10.9,5
2026-08-19 12:02,FALLO,,Tu cerebro te esta mintiendo ahora,por que el rechazo duele tanto,violet,ethereal,es-MX-JorgeNeural,11.1,5
2026-08-19 13:07,FALLO,,Alguien te controla sin que lo notes,por que compararte con otros en redes te hace sentir menos,toxic_green,tense,es-MX-JorgeNeural,11.3,5
2026-08-19 13:37,FALLO,,Alguien te controla sin que lo notes,por que alguien ignora tus mensajes a proposito,violet,ethereal,es-MX-JorgeNeural,11.3,5
2026-08-19 14:04,FALLO,,El ghosting no es lo que crees,la psicologia del miedo a perderte algo,violet,tense,es-ES-AlvaroNeural,11.2,5
2026-08-19 15:17,FALLO,,El ghosting no es lo que crees,la psicologia de dejarte en visto,violet,tense,es-AR-TomasNeural,11.2,5
2026-08-19 15:50,FALLO,,Alguien te controla sin que lo notes,la psicologia de la zona de amistad,electric_blue,tense,es-ES-AlvaroNeural,11.3,5
2026-08-19 16:51,FALLO,,Alguien te controla sin que lo notes,por que algunos te tratan bien en publico y mal en privado,violet,tense,es-ES-XimenaNeural,11.3,5
2026-08-19 17:44,FALLO,,Tu cerebro te esta mintiendo ahora,por que tu confianza desaparece cerca de algunas personas,violet,ominous,es-MX-JorgeNeural,11.1,5
2026-08-19 18:01,FALLO,,El ghosting no es lo que crees,la psicologia de la venganza,electric_blue,tense,es-AR-TomasNeural,11.2,5
2026-08-19 19:20,FALLO,,Tu cerebro te esta mintiendo ahora,por que las relaciones toxicas son tan dificiles de dejar,blood_red,ominous,es-MX-DaliaNeural,11.1,5
2026-08-19 19:48,FALLO,,El ghosting no es lo que crees,como la gente te manipula usando cumplidos,violet,ominous,es-AR-TomasNeural,11.2,5
2026-08-19 20:46,FALLO,,Tu cerebro te esta mintiendo ahora,la psicologia del miedo a perderte algo,violet,ethereal,es-ES-XimenaNeural,11.1,5
2026-08-19 22:12,FALLO,,Tu cerebro te esta mintiendo ahora,por que la confianza intimida a las personas inseguras,violet,ethereal,es-ES-AlvaroNeural,11.1,5
2026-08-19 22:42,FALLO,,Alguien te controla sin que lo notes,como tu cerebro se vuelve adicto al scroll infinito,electric_blue,tense,es-ES-XimenaNeural,11.3,5
2026-08-19 23:02,FALLO,,Alguien te controla sin que lo notes,como el silencio puede ser una forma de manipulacion,blood_red,ethereal,es-AR-TomasNeural,11.3,5
2026-08-19 23:40,FALLO,,Tu cerebro te esta mintiendo ahora,como otras personas pueden controlar tus emociones,toxic_green,ethereal,es-AR-TomasNeural,10.9,5
2026-08-19 23:58,FALLO,,Tu cerebro te esta mintiendo ahora,por que ser misterioso hace que los demas piensen mas en ti,gold,tense,es-AR-TomasNeural,10.9,5
2026-08-20 01:38,FALLO,,Alguien te controla sin que lo notes,por que no puedes olvidar a ciertas personas,toxic_green,tense,es-MX-DaliaNeural,11.4,5
2026-08-20 02:11,FALLO,,Alguien te controla sin que lo notes,como tu movil controla muchas de tus decisiones,gold,ethereal,es-ES-AlvaroNeural,11.3,5
2026-08-20 03:14,FALLO,,El ghosting no es lo que crees,por que tu confianza desaparece cerca de algunas personas,gold,tense,es-MX-JorgeNeural,11.2,5
2026-08-20 04:07,FALLO,,Alguien te controla sin que lo notes,como el lenguaje corporal revela emociones ocultas,electric_blue,ethereal,es-ES-XimenaNeural,11.3,5
2026-08-20 04:54,FALLO,,El ghosting no es lo que crees,la psicologia de la adiccion a la dopamina,gold,ethereal,es-MX-DaliaNeural,11.3,5
2026-08-20 05:16,FALLO,,El ghosting no es lo que crees,como el silencio puede ser una forma de manipulacion,violet,ethereal,es-ES-AlvaroNeural,11.2,5
2026-08-20 05:48,FALLO,,Tu cerebro te esta mintiendo ahora,la psicologia de la venganza,blood_red,ethereal,es-MX-DaliaNeural,11.1,5
2026-08-20 06:07,FALLO,,El ghosting no es lo que crees,por que algunas personas fingen que no les importas,gold,tense,es-ES-XimenaNeural,11.3,5
2026-08-20 07:05,FALLO,,Tu cerebro te esta mintiendo ahora,por que tu mente se cree sus propias mentiras,electric_blue,tense,es-ES-XimenaNeural,11.1,5
2026-08-20 07:29,FALLO,,Alguien te controla sin que lo notes,como la manipulacion se esconde detras de la amabilidad,gold,ominous,es-ES-XimenaNeural,11.3,5
2026-08-20 07:58,FALLO,,Alguien te controla sin que lo notes,como el lenguaje corporal revela emociones ocultas,toxic_green,ethereal,es-ES-AlvaroNeural,11.3,5
2026-08-20 08:16,FALLO,,El ghosting no es lo que crees,por que la confianza intimida a las personas inseguras,electric_blue,ethereal,es-ES-XimenaNeural,11.3,5
2026-08-20 08:57,FALLO,,Alguien te controla sin que lo notes,la psicologia de la dependencia emocional,gold,ominous,es-MX-DaliaNeural,11.4,5
2026-08-20 09:18,FALLO,,Tu cerebro te esta mintiendo ahora,como los amigos toxicos manipulan sin que lo notes,blood_red,tense,es-MX-JorgeNeural,11.1,5
2026-08-20 09:52,FALLO,,Tu cerebro te esta mintiendo ahora,por que tu confianza desaparece cerca de algunas personas,blood_red,ethereal,es-ES-AlvaroNeural,11.1,5
2026-08-20 10:11,FALLO,,Alguien te controla sin que lo notes,por que algunos te tratan bien en publico y mal en privado,electric_blue,tense,es-MX-JorgeNeural,11.3,5
2026-08-20 10:49,FALLO,,Alguien te controla sin que lo notes,la psicologia de la ansiedad social,blood_red,tense,es-ES-AlvaroNeural,11.3,5
2026-08-20 11:09,FALLO,,El ghosting no es lo que crees,por que ser misterioso hace que los demas piensen mas en ti,gold,ethereal,es-MX-DaliaNeural,11.3,5
2026-08-20 11:44,FALLO,,El ghosting no es lo que crees,como tu cerebro se vuelve adicto a la aprobacion de los demas,toxic_green,ethereal,es-MX-DaliaNeural,11.3,5
2026-08-20 12:04,FALLO,,El ghosting no es lo que crees,como la manipulacion se esconde detras de la amabilidad,violet,tense,es-MX-DaliaNeural,11.3,5
2026-08-20 13:09,FALLO,,Tu cerebro te esta mintiendo ahora,por que tu cerebro sabotea tus propios objetivos,electric_blue,tense,es-MX-JorgeNeural,11.1,5
2026-08-20 13:39,FALLO,,El ghosting no es lo que crees,como los narcisistas hacen que te sientas culpable,violet,ethereal,es-MX-JorgeNeural,11.2,5
2026-08-20 14:04,FALLO,,Alguien te controla sin que lo notes,como el silencio puede ser una forma de manipulacion,violet,ominous,es-ES-XimenaNeural,11.3,5
2026-08-20 14:21,FALLO,,El ghosting no es lo que crees,como la gente te juzga sin que te des cuenta,blood_red,ethereal,es-ES-AlvaroNeural,11.2,5
2026-08-20 14:53,FALLO,,Tu cerebro te esta mintiendo ahora,la psicologia de la popularidad,violet,tense,es-AR-TomasNeural,10.9,5
2026-08-20 15:16,FALLO,,El ghosting no es lo que crees,por que tu cerebro recuerda momentos vergonzosos durante anos,electric_blue,tense,es-MX-DaliaNeural,11.3,5
2026-08-20 15:51,FALLO,,Alguien te controla sin que lo notes,por que las personas solitarias confian demasiado rapido,blood_red,ominous,es-ES-XimenaNeural,11.3,5
2026-08-20 16:11,FALLO,,Tu cerebro te esta mintiendo ahora,por que tu ex vuelve cuando ya lo habias superado,toxic_green,ethereal,es-ES-AlvaroNeural,11.1,5
2026-08-20 16:52,FALLO,,El ghosting no es lo que crees,la psicologia de la adiccion a la dopamina,electric_blue,tense,es-MX-JorgeNeural,11.2,5
2026-08-20 17:13,FALLO,,Tu cerebro te esta mintiendo ahora,como el lenguaje corporal revela emociones ocultas,violet,tense,es-ES-AlvaroNeural,11.1,5
2026-08-20 17:48,FALLO,,Alguien te controla sin que lo notes,por que tu cerebro se obsesiona con las relaciones imposibles,electric_blue,tense,es-MX-DaliaNeural,11.4,5
2026-08-20 18:08,FALLO,,Tu cerebro te esta mintiendo ahora,por que no puedes olvidar a ciertas personas,gold,ethereal,es-MX-JorgeNeural,11.1,5
2026-08-20 18:57,FALLO,,El ghosting no es lo que crees,por que algunas personas siempre parecen tener el control,violet,ethereal,es-AR-TomasNeural,11.2,5
2026-08-20 19:23,FALLO,,Tu cerebro te esta mintiendo ahora,como los narcisistas hacen que te sientas culpable,toxic_green,ominous,es-MX-DaliaNeural,11.1,5
2026-08-20 19:49,FALLO,,Alguien te controla sin que lo notes,por que tu crush actua de forma tan confusa,electric_blue,tense,es-MX-JorgeNeural,11.3,5
2026-08-20 20:07,FALLO,,El ghosting no es lo que crees,por que no puedes olvidar a ciertas personas,toxic_green,tense,es-ES-XimenaNeural,11.3,5
2026-08-20 20:46,FALLO,,Alguien te controla sin que lo notes,como la gente te manipula usando cumplidos,blood_red,ethereal,es-MX-JorgeNeural,11.3,5
2026-08-20 21:07,FALLO,,Tu cerebro te esta mintiendo ahora,por que las relaciones toxicas son tan dificiles de dejar,gold,tense,es-ES-AlvaroNeural,11.1,5
2026-08-20 21:45,FALLO,,Alguien te controla sin que lo notes,por que tu ex vuelve cuando ya lo habias superado,electric_blue,tense,es-ES-AlvaroNeural,11.3,5
2026-08-20 22:04,FALLO,,Alguien te controla sin que lo notes,por que las personas solitarias confian demasiado rapido,violet,ethereal,es-MX-JorgeNeural,11.3,5
2026-08-20 22:45,FALLO,,Alguien te controla sin que lo notes,la psicologia de dejarte en visto,violet,tense,es-MX-DaliaNeural,11.4,5
2026-08-20 23:06,FALLO,,Alguien te controla sin que lo notes,la psicologia del miedo a perderte algo,electric_blue,tense,es-MX-JorgeNeural,11.3,5
2026-08-20 23:43,FALLO,,El ghosting no es lo que crees,por que tu ex vuelve cuando ya lo habias superado,electric_blue,tense,es-MX-DaliaNeural,11.3,5
2026-08-21 00:01,FALLO,,Tu cerebro te esta mintiendo ahora,como funciona realmente la manipulacion emocional,blood_red,tense,es-ES-AlvaroNeural,11.1,5
2026-08-21 01:42,FALLO,,El ghosting no es lo que crees,como los narcisistas hacen que te sientas culpable,toxic_green,tense,es-MX-DaliaNeural,11.3,5
2026-08-21 02:19,FALLO,,Alguien te controla sin que lo notes,por que tu crush actua de forma tan confusa,blood_red,tense,es-MX-JorgeNeural,11.3,5
2026-08-21 03:20,FALLO,,Alguien te controla sin que lo notes,por que tu cerebro recuerda momentos vergonzosos durante anos,gold,tense,es-ES-XimenaNeural,11.3,5
2026-08-21 03:42,FALLO,,El ghosting no es lo que crees,como tu movil controla muchas de tus decisiones,gold,tense,es-ES-AlvaroNeural,11.2,5
2026-08-21 04:22,FALLO,,Alguien te controla sin que lo notes,la psicologia de la popularidad,electric_blue,ominous,es-MX-DaliaNeural,11.4,5
2026-08-21 04:56,FALLO,,Alguien te controla sin que lo notes,la psicologia del miedo a perderte algo,electric_blue,ethereal,es-MX-JorgeNeural,11.3,5
2026-08-21 05:15,FALLO,,El ghosting no es lo que crees,la psicologia de la dependencia emocional,electric_blue,tense,es-AR-TomasNeural,11.2,5
2026-08-21 05:49,FALLO,,El ghosting no es lo que crees,la psicologia de la popularidad,blood_red,ominous,es-ES-XimenaNeural,11.3,5
2026-08-21 06:09,FALLO,,El ghosting no es lo que crees,la psicologia del miedo a perderte algo,gold,tense,es-ES-AlvaroNeural,11.2,5
2026-08-21 07:07,FALLO,,Alguien te controla sin que lo notes,por que ser misterioso hace que los demas piensen mas en ti,violet,ethereal,es-MX-JorgeNeural,11.3,5
2026-08-21 07:30,FALLO,,Tu cerebro te esta mintiendo ahora,como tu movil controla muchas de tus decisiones,violet,ethereal,es-MX-JorgeNeural,11.1,5
2026-08-21 08:00,FALLO,,Alguien te controla sin que lo notes,por que tu cerebro recuerda momentos vergonzosos durante anos,violet,ominous,es-ES-XimenaNeural,11.3,5
2026-08-21 08:17,FALLO,,Tu cerebro te esta mintiendo ahora,por que la gente pierde el interes en ti,electric_blue,ominous,es-ES-XimenaNeural,11.1,5
2026-08-21 08:58,FALLO,,Tu cerebro te esta mintiendo ahora,como tu cerebro se vuelve adicto al scroll infinito,toxic_green,ominous,es-MX-JorgeNeural,11.1,5
2026-08-21 09:20,FALLO,,Alguien te controla sin que lo notes,por que tu crush actua de forma tan confusa,violet,ominous,es-MX-DaliaNeural,11.4,5
2026-08-21 09:54,FALLO,,El ghosting no es lo que crees,por que tu cerebro se vuelve adicto a las personas toxicas,electric_blue,tense,es-ES-AlvaroNeural,11.2,5
2026-08-21 10:12,FALLO,,El ghosting no es lo que crees,por que las relaciones toxicas son tan dificiles de dejar,toxic_green,ethereal,es-ES-AlvaroNeural,11.2,5
2026-08-21 10:48,FALLO,,El ghosting no es lo que crees,por que algunas personas se obsesionan cuando las rechazan,toxic_green,ethereal,es-ES-XimenaNeural,11.3,5
2026-08-21 11:09,FALLO,,Tu cerebro te esta mintiendo ahora,por que algunas personas siempre parecen tener el control,electric_blue,tense,es-ES-XimenaNeural,11.1,5
2026-08-21 11:44,FALLO,,Tu cerebro te esta mintiendo ahora,por que ser misterioso hace que los demas piensen mas en ti,blood_red,ominous,es-MX-DaliaNeural,11.1,5
2026-08-21 12:04,FALLO,,Alguien te controla sin que lo notes,por que la confianza intimida a las personas inseguras,violet,ethereal,es-MX-DaliaNeural,11.4,5
2026-08-21 13:08,FALLO,,El ghosting no es lo que crees,por que tu ex vuelve cuando ya lo habias superado,gold,tense,es-AR-TomasNeural,11.2,5
2026-08-21 13:38,FALLO,,El ghosting no es lo que crees,como los manipuladores consiguen tu confianza,electric_blue,ominous,es-MX-JorgeNeural,11.2,5
2026-08-21 14:04,FALLO,,El ghosting no es lo que crees,por que algunas personas se obsesionan cuando las rechazan,toxic_green,ominous,es-ES-XimenaNeural,11.3,5
2026-08-21 14:52,FALLO,,El ghosting no es lo que crees,por que tu cerebro sabotea tus propios objetivos,blood_red,tense,es-ES-AlvaroNeural,11.2,5
2026-08-21 15:14,FALLO,,Alguien te controla sin que lo notes,por que tu cerebro se obsesiona con las relaciones imposibles,blood_red,ethereal,es-MX-DaliaNeural,11.4,5
2026-08-21 15:51,FALLO,,Alguien te controla sin que lo notes,la psicologia de los celos,blood_red,ominous,es-ES-XimenaNeural,11.3,5
2026-08-21 16:10,FALLO,,Tu cerebro te esta mintiendo ahora,por que tu ex vuelve cuando ya lo habias superado,electric_blue,ethereal,es-ES-XimenaNeural,11.1,5
2026-08-21 16:53,FALLO,,El ghosting no es lo que crees,la psicologia de los celos,toxic_green,tense,es-AR-TomasNeural,11.2,5
2026-08-21 17:12,FALLO,,Tu cerebro te esta mintiendo ahora,por que tu crush actua de forma tan confusa,blood_red,tense,es-ES-AlvaroNeural,11.1,5
2026-08-21 17:46,FALLO,,Alguien te controla sin que lo notes,por que pensar demasiado destruye tu confianza,blood_red,ethereal,es-MX-JorgeNeural,11.3,5
2026-08-21 18:08,FALLO,,Alguien te controla sin que lo notes,por que alguien ignora tus mensajes a proposito,blood_red,ominous,es-ES-XimenaNeural,11.3,5
2026-08-21 18:54,FALLO,,El ghosting no es lo que crees,como los manipuladores consiguen tu confianza,blood_red,ethereal,es-ES-AlvaroNeural,11.2,5
2026-08-21 19:19,FALLO,,Alguien te controla sin que lo notes,por que no puedes dejar de pensar en una persona,toxic_green,ethereal,es-ES-AlvaroNeural,11.3,5
2026-08-21 19:42,FALLO,,Alguien te controla sin que lo notes,por que ser misterioso hace que los demas piensen mas en ti,violet,ethereal,es-AR-TomasNeural,11.3,5
2026-08-21 19:59,FALLO,,Tu cerebro te esta mintiendo ahora,por que algunas personas se obsesionan cuando las rechazan,electric_blue,tense,es-AR-TomasNeural,10.9,5
2026-08-21 20:43,FALLO,,El ghosting no es lo que crees,por que pensar demasiado destruye tu confianza,toxic_green,tense,es-AR-TomasNeural,11.2,5
2026-08-21 21:00,FALLO,,El ghosting no es lo que crees,por que siempre dejas todo para despues,electric_blue,ethereal,es-MX-JorgeNeural,11.2,5
2026-08-21 21:42,FALLO,,El ghosting no es lo que crees,por que las personas solitarias confian demasiado rapido,gold,tense,es-ES-AlvaroNeural,11.2,5
2026-08-21 21:59,FALLO,,Alguien te controla sin que lo notes,la psicologia de la primera impresion,gold,ominous,es-MX-JorgeNeural,11.3,5
2026-08-21 22:42,FALLO,,El ghosting no es lo que crees,por que las personas solitarias confian demasiado rapido,violet,tense,es-MX-DaliaNeural,11.3,5
2026-08-21 23:02,FALLO,,El ghosting no es lo que crees,por que el rechazo duele tanto,gold,ethereal,es-AR-TomasNeural,11.2,5
2026-08-21 23:41,FALLO,,Alguien te controla sin que lo notes,la psicologia de las amistades falsas,electric_blue,tense,es-ES-XimenaNeural,11.3,5
2026-08-21 23:59,FALLO,,El ghosting no es lo que crees,por que las relaciones toxicas son tan dificiles de dejar,electric_blue,ominous,es-MX-DaliaNeural,11.3,5
2026-08-22 01:37,FALLO,,El ghosting no es lo que crees,por que las personas solitarias confian demasiado rapido,toxic_green,tense,es-ES-XimenaNeural,11.3,5
2026-08-22 02:10,FALLO,,Alguien te controla sin que lo notes,la psicologia de los celos,violet,tense,es-ES-AlvaroNeural,11.3,5
2026-08-22 03:12,FALLO,,Tu cerebro te esta mintiendo ahora,como el silencio puede ser una forma de manipulacion,toxic_green,ominous,es-MX-JorgeNeural,11.1,5
2026-08-22 04:02,FALLO,,Tu cerebro te esta mintiendo ahora,por que tu cerebro teme tanto ser ignorado,toxic_green,ominous,es-MX-JorgeNeural,11.1,5
2026-08-22 04:50,FALLO,,Tu cerebro te esta mintiendo ahora,por que algunos te tratan bien en publico y mal en privado,gold,ethereal,es-MX-DaliaNeural,11.1,5
2026-08-22 05:11,FALLO,,El ghosting no es lo que crees,por que siempre dejas todo para despues,blood_red,ethereal,es-MX-JorgeNeural,11.2,5
2026-08-22 05:45,FALLO,,El ghosting no es lo que crees,por que no puedes dejar de pensar en una persona,electric_blue,tense,es-MX-JorgeNeural,11.2,5
2026-08-22 06:04,FALLO,,Alguien te controla sin que lo notes,por que no puedes olvidar a ciertas personas,gold,tense,es-AR-TomasNeural,11.3,5
2026-08-22 06:58,FALLO,,Tu cerebro te esta mintiendo ahora,por que no puedes dejar de pensar en una persona,electric_blue,tense,es-MX-JorgeNeural,11.1,5
2026-08-22 07:21,FALLO,,El ghosting no es lo que crees,por que tu cerebro se vuelve adicto a las personas toxicas,toxic_green,ominous,es-MX-JorgeNeural,11.2,5
2026-08-22 07:48,FALLO,,El ghosting no es lo que crees,la psicologia oscura del coqueteo,gold,tense,es-MX-DaliaNeural,11.3,5
2026-08-22 08:06,FALLO,,Tu cerebro te esta mintiendo ahora,la psicologia oscura del coqueteo,violet,ethereal,es-MX-DaliaNeural,11.1,5
2026-08-22 08:48,FALLO,,El ghosting no es lo que crees,la psicologia detras del ghosting,blood_red,ominous,es-MX-DaliaNeural,11.3,5
2026-08-22 09:09,FALLO,,Alguien te controla sin que lo notes,la psicologia del miedo a perderte algo,violet,ominous,es-MX-DaliaNeural,11.4,5
2026-08-22 09:44,FALLO,,Tu cerebro te esta mintiendo ahora,por que tu cerebro se obsesiona con las relaciones imposibles,electric_blue,ethereal,es-MX-JorgeNeural,11.1,5
2026-08-22 10:04,FALLO,,Alguien te controla sin que lo notes,la psicologia de la dependencia emocional,blood_red,ethereal,es-ES-AlvaroNeural,11.3,5
2026-08-22 10:41,FALLO,,El ghosting no es lo que crees,como los manipuladores consiguen tu confianza,blood_red,ethereal,es-ES-AlvaroNeural,11.2,5
2026-08-22 11:00,FALLO,,Tu cerebro te esta mintiendo ahora,por que tu cerebro se vuelve adicto a las personas toxicas,blood_red,ethereal,es-MX-DaliaNeural,11.1,5
2026-08-22 11:38,FALLO,,Alguien te controla sin que lo notes,como funciona realmente la manipulacion emocional,gold,tense,es-MX-DaliaNeural,11.4,5
2026-08-22 11:56,FALLO,,Tu cerebro te esta mintiendo ahora,como los manipuladores consiguen tu confianza,toxic_green,tense,es-AR-TomasNeural,10.9,5
2026-08-22 12:58,FALLO,,Tu cerebro te esta mintiendo ahora,por que algunos te tratan bien en publico y mal en privado,violet,ethereal,es-AR-TomasNeural,10.9,5
2026-08-22 13:22,FALLO,,Tu cerebro te esta mintiendo ahora,como los amigos toxicos manipulan sin que lo notes,blood_red,ethereal,es-AR-TomasNeural,10.9,5
2026-08-22 13:48,FALLO,,Alguien te controla sin que lo notes,la psicologia de la zona de amistad,violet,tense,es-ES-XimenaNeural,11.3,5
2026-08-22 14:04,FALLO,,El ghosting no es lo que crees,la psicologia de la venganza,electric_blue,tense,es-ES-AlvaroNeural,11.2,5
2026-08-22 14:39,FALLO,,El ghosting no es lo que crees,como otras personas pueden controlar tus emociones,gold,ethereal,es-ES-AlvaroNeural,11.2,5
2026-08-22 14:58,FALLO,,El ghosting no es lo que crees,por que tu cerebro se vuelve adicto a las personas toxicas,gold,tense,es-MX-JorgeNeural,11.2,5
2026-08-22 15:39,FALLO,,Alguien te controla sin que lo notes,como la manipulacion se esconde detras de la amabilidad,gold,ominous,es-MX-JorgeNeural,11.3,5
2026-08-22 15:56,FALLO,,El ghosting no es lo que crees,como el contacto visual cambia lo que los demas piensan de ti,electric_blue,ethereal,es-AR-TomasNeural,11.2,5
2026-08-22 16:43,FALLO,,El ghosting no es lo que crees,por que algunas personas se obsesionan cuando las rechazan,gold,ethereal,es-ES-XimenaNeural,11.3,5
2026-08-22 17:01,FALLO,,Tu cerebro te esta mintiendo ahora,por que tu mente se cree sus propias mentiras,violet,ominous,es-ES-XimenaNeural,11.1,5
2026-08-22 17:38,FALLO,,El ghosting no es lo que crees,por que no puedes dejar de pensar en una persona,electric_blue,ethereal,es-MX-DaliaNeural,11.3,5
2026-08-22 17:56,FALLO,,El ghosting no es lo que crees,como la gente te manipula usando cumplidos,gold,ethereal,es-MX-JorgeNeural,11.2,5
2026-08-22 18:49,FALLO,,El ghosting no es lo que crees,por que alguien ignora tus mensajes a proposito,electric_blue,ethereal,es-ES-XimenaNeural,11.3,5
2026-08-22 19:09,FALLO,,Tu cerebro te esta mintiendo ahora,por que tu cerebro sabotea tus propios objetivos,gold,ominous,es-ES-AlvaroNeural,11.1,5
2026-08-22 19:39,FALLO,,El ghosting no es lo que crees,por que tu mente se cree sus propias mentiras,toxic_green,ethereal,es-MX-JorgeNeural,11.2,5
2026-08-22 19:58,FALLO,,Tu cerebro te esta mintiendo ahora,por que el rechazo duele tanto,violet,ethereal,es-ES-AlvaroNeural,11.1,5
2026-08-22 20:41,FALLO,,Tu cerebro te esta mintiendo ahora,por que tu ex vuelve cuando ya lo habias superado,gold,ominous,es-ES-AlvaroNeural,11.1,5
2026-08-22 21:00,FALLO,,Alguien te controla sin que lo notes,por que algunas personas fingen que no les importas,electric_blue,ominous,es-AR-TomasNeural,11.3,5
2026-08-22 21:38,FALLO,,Alguien te controla sin que lo notes,como tu cerebro inventa conversaciones que nunca ocurrieron,violet,ethereal,es-ES-XimenaNeural,11.3,5
2026-08-22 21:58,FALLO,,El ghosting no es lo que crees,por que algunas personas siempre parecen tener el control,violet,tense,es-MX-DaliaNeural,11.3,5
2026-08-22 22:39,FALLO,,Tu cerebro te esta mintiendo ahora,por que pensar demasiado destruye tu confianza,gold,tense,es-MX-DaliaNeural,11.1,5
2026-08-22 22:59,FALLO,,Tu cerebro te esta mintiendo ahora,como la falsa confianza engana a todos,violet,ethereal,es-MX-JorgeNeural,11.1,5
2026-08-22 23:38,FALLO,,Tu cerebro te esta mintiendo ahora,como las personas atractivas manipulan sin hablar,toxic_green,tense,es-AR-TomasNeural,10.9,5
2026-08-22 23:56,FALLO,,El ghosting no es lo que crees,la psicologia de los celos,electric_blue,tense,es-ES-AlvaroNeural,11.2,5
2026-08-23 01:51,FALLO,,Tu cerebro te esta mintiendo ahora,la psicologia de dejarte en visto,toxic_green,ominous,es-MX-DaliaNeural,11.1,5
2026-08-23 02:22,FALLO,,Tu cerebro te esta mintiendo ahora,como otras personas pueden controlar tus emociones,toxic_green,ethereal,es-ES-AlvaroNeural,11.1,5
2026-08-23 03:20,FALLO,,El ghosting no es lo que crees,como detectar cuando alguien te usa emocionalmente,blood_red,ominous,es-AR-TomasNeural,11.2,5
2026-08-23 03:41,FALLO,,Alguien te controla sin que lo notes,por que la gente pierde el interes en ti,electric_blue,tense,es-AR-TomasNeural,11.3,5
2026-08-23 04:22,FALLO,,Alguien te controla sin que lo notes,por que tu crush actua de forma tan confusa,blood_red,tense,es-MX-DaliaNeural,11.4,5
2026-08-23 04:54,FALLO,,Tu cerebro te esta mintiendo ahora,como el lenguaje corporal revela emociones ocultas,blood_red,ethereal,es-ES-XimenaNeural,11.1,5
2026-08-23 05:13,FALLO,,El ghosting no es lo que crees,la psicologia de pensar demasiado por la noche,electric_blue,tense,es-ES-AlvaroNeural,11.2,5
2026-08-23 05:46,FALLO,,Tu cerebro te esta mintiendo ahora,la psicologia de la popularidad,toxic_green,ethereal,es-MX-DaliaNeural,11.1,5
2026-08-23 06:07,FALLO,,Tu cerebro te esta mintiendo ahora,por que tu cerebro se obsesiona con las relaciones imposibles,electric_blue,ominous,es-ES-AlvaroNeural,11.1,5
2026-08-23 07:01,FALLO,,El ghosting no es lo que crees,como los amigos toxicos manipulan sin que lo notes,violet,tense,es-MX-JorgeNeural,11.2,5
2026-08-23 07:23,FALLO,,Alguien te controla sin que lo notes,por que tu cerebro recuerda momentos vergonzosos durante anos,gold,tense,es-ES-AlvaroNeural,11.3,5
2026-08-23 07:49,FALLO,,Tu cerebro te esta mintiendo ahora,como el contacto visual cambia lo que los demas piensan de ti,blood_red,ominous,es-AR-TomasNeural,10.9,5
2026-08-23 08:08,FALLO,,Alguien te controla sin que lo notes,la psicologia oscura del coqueteo,gold,tense,es-ES-XimenaNeural,11.3,5
2026-08-23 08:48,FALLO,,Alguien te controla sin que lo notes,por que algunas personas siempre parecen tener el control,blood_red,ethereal,es-ES-AlvaroNeural,11.3,5
2026-08-23 09:10,FALLO,,Tu cerebro te esta mintiendo ahora,por que tu confianza desaparece cerca de algunas personas,blood_red,tense,es-MX-DaliaNeural,11.1,5
2026-08-23 09:45,FALLO,,El ghosting no es lo que crees,como los narcisistas hacen que te sientas culpable,blood_red,ethereal,es-ES-AlvaroNeural,11.2,5
2026-08-23 10:04,FALLO,,El ghosting no es lo que crees,como funciona realmente la manipulacion emocional,gold,ominous,es-MX-JorgeNeural,11.2,5
2026-08-23 10:42,FALLO,,El ghosting no es lo que crees,la psicologia de la popularidad,blood_red,tense,es-AR-TomasNeural,11.2,5
2026-08-23 11:02,FALLO,,Alguien te controla sin que lo notes,por que no puedes olvidar a ciertas personas,gold,ethereal,es-ES-AlvaroNeural,11.3,5
2026-08-23 11:38,FALLO,,El ghosting no es lo que crees,por que las personas solitarias confian demasiado rapido,gold,ethereal,es-MX-JorgeNeural,11.2,5
2026-08-23 11:56,FALLO,,Tu cerebro te esta mintiendo ahora,como otras personas pueden controlar tus emociones,violet,ethereal,es-MX-JorgeNeural,11.1,5
2026-08-23 12:59,FALLO,,El ghosting no es lo que crees,por que tu cerebro recuerda momentos vergonzosos durante anos,gold,ominous,es-MX-JorgeNeural,11.2,5
2026-08-23 13:23,FALLO,,Tu cerebro te esta mintiendo ahora,como tu movil controla muchas de tus decisiones,gold,ethereal,es-ES-AlvaroNeural,11.1,5
2026-08-23 13:49,FALLO,,Tu cerebro te esta mintiendo ahora,por que pensar demasiado destruye tu confianza,blood_red,ominous,es-ES-AlvaroNeural,11.1,5
2026-08-23 14:05,FALLO,,Alguien te controla sin que lo notes,la psicologia detras del ghosting,blood_red,tense,es-MX-DaliaNeural,11.4,5
2026-08-23 14:41,FALLO,,El ghosting no es lo que crees,por que tu cerebro recuerda momentos vergonzosos durante anos,electric_blue,ethereal,es-AR-TomasNeural,11.2,5
2026-08-23 15:00,FALLO,,El ghosting no es lo que crees,por que algunas personas siempre parecen tener el control,electric_blue,tense,es-ES-XimenaNeural,11.3,5
2026-08-23 15:40,FALLO,,Tu cerebro te esta mintiendo ahora,como tu cerebro inventa conversaciones que nunca ocurrieron,gold,ethereal,es-MX-DaliaNeural,11.1,5
2026-08-23 15:58,FALLO,,Alguien te controla sin que lo notes,por que tu cerebro recuerda momentos vergonzosos durante anos,toxic_green,ominous,es-MX-JorgeNeural,11.3,5
2026-08-23 16:50,FALLO,,Tu cerebro te esta mintiendo ahora,la psicologia de dejarte en visto,electric_blue,ominous,es-ES-XimenaNeural,11.1,5
2026-08-23 17:37,FALLO,,Alguien te controla sin que lo notes,como otras personas pueden controlar tus emociones,gold,ominous,es-AR-TomasNeural,11.3,5
2026-08-23 17:56,FALLO,,Tu cerebro te esta mintiendo ahora,por que algunas personas se obsesionan cuando las rechazan,blood_red,ominous,es-ES-AlvaroNeural,11.1,5
2026-08-23 18:48,FALLO,,El ghosting no es lo que crees,por que siempre dejas todo para despues,electric_blue,ethereal,es-MX-DaliaNeural,11.3,5
2026-08-23 19:08,FALLO,,Tu cerebro te esta mintiendo ahora,por que no puedes olvidar a ciertas personas,violet,tense,es-MX-JorgeNeural,11.1,5
2026-08-23 19:39,FALLO,,El ghosting no es lo que crees,la psicologia de la dependencia emocional,electric_blue,ominous,es-ES-XimenaNeural,11.3,5
2026-08-23 19:57,FALLO,,El ghosting no es lo que crees,como las redes sociales reprograman tu cerebro,blood_red,ominous,es-ES-XimenaNeural,11.3,5
2026-08-23 20:41,FALLO,,Alguien te controla sin que lo notes,por que tu mente se cree sus propias mentiras,gold,ethereal,es-MX-DaliaNeural,11.4,5
2026-08-23 21:04,FALLO,,Alguien te controla sin que lo notes,como la falsa confianza engana a todos,toxic_green,tense,es-MX-JorgeNeural,11.3,5
2026-08-23 21:39,FALLO,,Tu cerebro te esta mintiendo ahora,por que algunas personas se obsesionan cuando las rechazan,electric_blue,ominous,es-MX-DaliaNeural,11.1,5
2026-08-23 21:56,FALLO,,Alguien te controla sin que lo notes,la psicologia de la ansiedad social,toxic_green,ethereal,es-MX-DaliaNeural,11.4,5
2026-08-23 22:39,FALLO,,Tu cerebro te esta mintiendo ahora,como funciona realmente la manipulacion emocional,gold,ominous,es-MX-DaliaNeural,11.1,5
2026-08-23 22:58,FALLO,,Tu cerebro te esta mintiendo ahora,como la falsa confianza engana a todos,violet,tense,es-MX-DaliaNeural,11.1,5
2026-08-23 23:38,FALLO,,Alguien te controla sin que lo notes,como funciona realmente la manipulacion emocional,violet,ethereal,es-MX-DaliaNeural,11.4,5
